x,y,speed,pos,angle
1534.52,2255.05,0.00,113.24,255.13
1453.40,2233.50,1.48,29.30,255.13
1390.17,2202.18,1.39,46.74,152.36
1443.59,2170.38,1.40,177.60,61.51
1498.55,2129.78,1.30,93.87,150.71
1539.12,2057.47,1.25,10.96,150.71
1582.08,1987.44,1.35,6.75,150.70
1641.63,2027.49,1.32,1.96,135.70
1652.02,1947.57,1.47,62.00,173.93
1656.75,1887.80,0.00,15.15,136.71
1667.16,1838.43,1.24,42.22,173.95
1675.93,1755.68,1.29,125.44,173.95
1684.75,1672.57,1.46,74.07,173.87
1680.28,1608.51,1.40,10.44,177.44
1687.66,1533.67,1.41,5.64,177.82
1694.73,1450.05,1.36,7.21,174.40
1702.66,1367.56,1.52,29.85,174.93
1724.09,1297.76,1.38,32.57,174.99
1730.14,1214.96,1.39,3.62,174.44
1739.12,1132.19,1.46,72.98,174.61
1738.37,1056.06,1.40,9.39,268.21
1758.34,1026.18,1.50,0.19,83.62
1737.10,1044.90,0.18,0.03,354.08
1742.01,1108.43,1.25,96.90,354.61
1734.18,1191.44,1.33,13.53,354.61
1726.82,1273.82,1.29,56.65,354.99
1709.45,1351.78,1.46,47.42,317.45
1697.67,1433.15,1.38,24.32,354.40
1689.63,1516.55,1.29,2.37,354.40
1682.19,1594.35,1.53,5.95,357.46
1639.25,1656.68,1.48,15.80,289.92
1561.73,1685.29,1.39,3.47,288.85
1484.39,1714.40,1.40,6.07,316.96
1416.27,1704.25,1.42,20.54,290.08
1340.72,1734.24,1.24,3.70,312.59
1339.18,1804.02,1.38,100.12,338.50
1308.58,1881.69,1.50,16.64,338.50
1278.18,1958.88,1.33,25.14,338.50
1248.10,2035.23,1.30,82.59,338.50
1217.98,2112.68,1.30,4.49,338.50
1166.88,2157.39,1.41,68.26,255.13
1087.22,2136.25,1.33,4.82,255.25
1007.02,2114.99,1.48,4.67,255.24
1067.60,2129.10,1.54,44.98,75.25
1147.25,2150.19,1.49,47.44,75.13
1226.25,2171.15,1.32,22.54,75.15
1306.76,2192.53,1.37,20.42,75.08
1381.05,2201.66,1.29,6.01,152.36
1432.58,2165.13,1.25,189.78,61.51
1492.81,2141.32,1.46,106.74,150.71
1533.30,2069.15,1.50,23.98,150.71
1576.10,1999.40,1.37,20.11,150.70
1632.29,2022.47,1.44,9.07,45.74
1651.14,1961.85,1.38,47.71,173.93
1670.58,1901.54,1.26,0.53,84.08
1745.56,1938.11,1.50,60.98,76.93
1829.06,1950.22,1.35,120.56,85.77
1911.48,1956.03,1.52,37.95,86.84
1995.02,1959.12,1.27,67.19,88.95
2066.27,1970.54,1.40,98.94,1.68
2068.71,2053.59,1.28,15.85,1.68
2126.42,2067.44,1.50,107.50,97.92
2209.06,2055.94,1.30,24.07,97.92
2262.52,2100.79,1.43,55.64,68.47
2257.59,2100.22,1.40,50.84,248.47
2205.36,2057.75,1.26,27.99,277.92
2123.14,2069.19,1.36,111.00,277.92
2067.32,2049.88,1.28,19.60,181.68
2064.71,1966.21,1.37,3.27,182.38
1991.14,1959.69,1.38,71.06,268.95
1908.79,1956.52,1.45,40.60,266.84
1825.61,1950.60,1.43,123.97,265.77
1753.07,1931.97,1.49,84.82,256.91
1679.37,1897.85,1.32,2.43,233.22
1649.18,1871.39,1.38,79.20,226.70
1588.64,1814.83,1.43,1.37,226.42
1528.85,1756.48,1.53,51.91,225.95
1516.78,1705.89,1.25,22.24,111.39
1518.78,1643.37,1.52,1.63,201.22
1542.33,1624.64,1.50,2.92,287.82
1498.02,1587.66,1.48,12.41,198.08
1459.87,1519.50,1.24,2.04,173.72
1446.88,1500.68,1.28,12.59,353.88
1512.77,1522.89,1.51,50.33,83.34
1595.15,1532.46,1.43,9.01,85.60
1678.28,1536.36,1.32,74.17,88.14
1693.26,1466.43,1.40,52.46,174.40
1701.31,1382.77,1.48,14.85,174.93
1722.66,1306.67,1.43,23.56,174.99
1729.87,1224.42,1.29,106.13,174.99
1737.44,1143.24,1.25,61.83,174.61
1745.25,1060.77,1.24,144.67,174.51
1752.89,1024.78,1.43,2.55,84.44
1755.34,1026.30,1.39,5.14,264.44
1746.03,1065.97,1.35,139.56,354.51
1738.19,1148.91,1.42,56.25,354.61
1730.52,1231.66,1.50,98.97,354.99
1723.28,1314.31,1.24,16.00,355.00
1701.91,1390.43,1.25,7.41,354.93
1694.02,1471.78,1.38,47.22,354.40
1671.03,1537.14,1.43,66.98,265.73
1588.14,1533.20,1.27,2.08,265.60
1505.43,1523.32,1.49,43.09,263.34
1446.24,1493.76,1.46,1.43,177.82
1450.39,1450.83,1.33,0.09,355.60
1463.60,1517.15,1.29,0.83,83.34
1546.62,1526.94,1.53,6.83,85.50
1630.95,1532.86,1.44,26.73,85.73
1682.76,1567.16,1.47,33.13,357.46
1710.02,1623.04,1.44,2.23,83.72
1793.09,1632.18,1.48,85.80,83.72
1874.79,1640.74,1.35,167.94,83.30
1909.09,1578.34,1.43,32.80,171.64
1973.67,1569.83,1.24,36.38,84.56
2057.27,1577.79,1.32,120.36,84.56
2118.60,1583.85,1.24,1.70,83.21
2200.67,1593.63,1.30,84.35,83.21
2282.37,1609.37,1.27,56.35,51.76
2347.02,1660.30,1.49,138.65,51.78
2409.97,1710.34,1.28,1.70,51.72
2354.79,1667.24,1.46,149.05,231.78
2289.22,1615.59,1.54,65.59,231.76
2211.10,1595.88,1.47,3.28,263.26
2128.57,1585.68,1.43,11.83,263.21
2072.79,1579.91,1.38,136.01,264.56
1990.42,1572.07,1.37,53.27,264.56
1912.03,1563.96,1.28,9.91,263.45
1891.22,1642.75,1.51,7.11,337.48
1809.30,1638.47,1.50,76.67,263.72
1726.60,1629.37,1.49,159.87,263.72
1666.05,1605.80,1.31,36.60,283.25
1584.72,1626.85,1.47,20.02,287.42
1512.38,1633.60,1.51,9.20,292.31
1496.00,1581.47,1.29,0.20,198.08
1427.78,1602.03,1.52,70.38,300.35
1365.31,1611.36,1.49,19.43,225.18
1297.48,1564.30,1.36,27.03,242.25
1224.09,1527.83,1.28,44.41,244.47
1149.95,1491.42,1.44,70.85,242.36
1075.27,1453.78,1.53,154.49,243.84
999.58,1419.80,1.26,2.67,250.86
920.39,1393.09,1.36,86.31,257.59
839.24,1378.32,1.44,168.93,262.96
831.37,1370.90,1.25,9.90,82.96
912.79,1384.86,1.29,92.42,77.58
991.62,1410.31,1.44,175.13,71.20
1066.51,1442.52,1.47,57.85,65.51
1140.63,1479.31,1.26,140.56,62.35
1215.55,1516.65,1.50,224.30,64.49
1282.57,1503.07,1.50,45.80,86.20
1361.04,1505.86,1.26,1.31,83.45
1442.54,1515.43,1.26,0.37,83.69
1525.16,1524.98,1.46,62.89,83.34
1608.01,1533.23,1.24,3.85,90.46
1688.17,1535.40,1.40,3.92,179.57
1714.46,1522.70,0.00,2.37,77.92
1723.93,1477.22,1.37,77.40,173.66
1732.95,1394.46,1.54,32.82,173.90
1729.72,1321.40,1.31,102.75,175.01
1736.97,1238.70,1.27,19.73,174.99
1801.46,1222.56,1.51,136.60,83.85
1884.86,1231.55,1.33,52.72,83.85
1946.67,1220.16,1.41,140.89,173.94
1955.37,1138.13,1.48,58.41,173.94
1956.12,1094.63,1.23,133.06,353.96
1947.24,1178.36,1.32,48.85,353.94
1909.34,1227.11,1.38,166.38,263.85
1827.64,1218.30,1.24,84.21,263.85
1745.57,1209.45,1.46,1.67,263.85
1747.09,1129.53,1.29,70.37,174.61
1753.54,1058.49,0.00,0.04,264.44
1706.48,1028.18,1.48,266.54,263.72
1623.30,1019.02,1.41,182.85,263.72
1540.97,1009.95,1.53,100.03,263.72
1459.40,1000.97,1.38,17.97,263.72
1431.22,949.03,1.50,6.75,172.41
1441.07,865.07,1.31,38.47,173.71
1447.21,782.70,1.49,30.95,173.31
1435.09,731.74,1.29,33.89,263.46
1437.75,769.95,1.41,47.67,353.31
1431.65,851.21,1.30,44.34,353.72
1422.04,934.40,1.28,6.52,352.98
1398.02,996.10,1.29,3.26,351.12
1405.51,1060.77,1.40,110.33,353.81
1396.55,1143.31,1.38,27.39,353.81
1389.18,1226.25,1.40,4.81,353.57
1380.17,1300.25,0.00,0.01,353.72
1374.39,1371.65,1.40,132.46,354.93
1365.39,1453.96,1.34,49.67,353.42
1355.42,1536.09,1.32,45.47,352.39
1360.04,1604.31,1.52,28.14,45.18
1420.46,1662.28,1.35,79.28,46.16
1481.28,1719.79,1.30,7.79,46.27
1540.53,1777.57,1.37,59.10,45.95
1601.33,1835.98,1.29,74.76,46.70
1658.93,1895.75,1.52,6.82,9.79
1698.23,1920.07,1.53,111.71,65.25
1777.14,1943.48,1.34,29.04,82.26
1859.90,1951.86,1.50,89.69,85.77
1942.58,1957.10,1.34,6.84,86.84
2025.09,1958.29,1.27,37.08,93.24
2067.84,2002.25,1.43,67.20,1.68
2071.69,2084.47,1.26,4.86,3.91
1994.08,2074.76,1.45,206.17,266.11
1924.26,2065.87,1.37,135.76,81.80
2006.80,2074.34,1.32,218.83,86.11
2068.98,2072.54,1.51,4.35,190.72
2066.17,1988.75,1.44,80.74,181.68
2012.74,1960.08,1.35,49.47,268.95
1930.50,1957.72,1.49,18.87,266.84
1848.00,1952.26,1.33,101.52,265.77
1775.64,1936.17,1.48,107.85,262.25
1696.39,1910.58,1.37,23.78,233.22
1670.09,1882.19,1.24,1.75,84.09
1614.22,1838.46,1.50,31.18,226.70
1554.01,1780.82,1.34,86.91,225.95
1493.99,1722.75,1.41,3.39,225.95
1531.04,1675.57,1.34,15.39,201.31
1502.94,1601.06,1.35,2.56,199.84
1463.33,1529.42,1.50,34.82,220.73
1456.79,1516.37,1.27,9.63,83.68
1539.78,1526.04,1.51,77.53,83.34
1622.35,1532.47,1.23,18.19,90.46
1688.12,1521.57,1.41,17.75,177.82
1695.93,1437.81,1.40,19.51,174.40
1706.00,1354.88,1.38,42.74,163.65
1725.07,1279.23,1.40,51.11,174.99
1732.41,1196.53,1.26,8.30,174.61
1740.27,1113.25,1.37,91.95,174.61
1736.53,1044.15,1.30,0.85,155.79
1786.03,1038.42,1.38,150.56,84.09
1868.42,1046.95,1.29,67.73,84.09
1942.67,1044.38,1.50,1.29,129.36
1984.43,1062.91,1.38,2.68,82.60
1929.16,1053.88,1.49,6.59,264.09
1847.07,1045.38,1.25,89.12,264.09
1771.11,1031.83,1.43,2.49,174.57
1737.10,1044.88,0.00,0.04,354.08
1741.54,1113.43,1.49,91.89,354.61
1733.06,1196.40,1.48,8.49,354.61
1725.90,1277.02,1.46,53.39,354.99
1708.52,1352.80,1.53,46.06,317.45
1697.56,1434.26,1.38,23.20,354.40
1689.52,1518.04,1.54,0.75,1.01
1625.72,1533.75,1.40,21.60,265.73
1543.53,1528.02,1.40,3.81,266.71
1460.81,1518.48,1.46,3.22,263.45
1379.09,1509.57,1.30,1.32,268.78
1446.57,1542.15,1.40,41.08,68.27
1501.99,1594.84,1.47,4.32,20.52
1513.33,1663.87,1.39,10.40,288.20
1509.85,1671.59,1.53,1.50,290.65
1522.62,1653.47,1.37,3.87,200.60
1595.48,1622.81,1.40,8.55,107.42
1675.44,1603.21,1.40,2.77,98.83
1687.77,1530.70,1.40,8.62,177.82
1694.83,1449.02,1.38,8.25,174.40
1702.80,1365.97,1.43,31.41,174.93
1724.12,1290.01,1.36,40.29,174.99
1730.24,1207.37,1.27,0.81,174.44
1739.31,1123.40,1.35,81.75,174.61
1735.19,1050.85,1.42,3.51,174.08
1778.79,1035.49,1.37,1.92,85.23
1856.44,1044.54,1.37,76.24,264.34
1777.32,1037.99,1.32,1.16,265.49
1713.54,1028.95,1.38,273.64,263.72
1630.94,1019.86,1.53,190.54,263.72
1548.88,1010.82,1.41,107.99,263.72
1466.39,1001.74,1.29,25.01,263.72
1397.12,993.57,1.40,5.61,171.12
1439.99,996.18,1.33,3.53,354.40
1520.54,1006.42,1.30,79.34,83.72
1604.02,1015.61,1.52,163.32,83.72
1688.15,1024.87,1.48,247.96,83.72
1762.89,1026.05,1.31,4.71,83.62
1737.11,1044.79,0.07,0.14,354.08
1742.73,1100.74,1.30,104.64,354.61
1734.95,1183.24,1.43,21.76,354.61
1727.44,1266.74,1.53,63.75,354.99
1714.38,1346.41,1.37,54.58,317.45
1698.26,1427.11,1.48,30.38,354.40
1691.14,1501.16,1.22,17.79,354.40
1653.16,1535.80,1.43,49.08,265.73
1570.91,1530.60,1.25,23.59,262.57
1489.27,1521.44,1.30,26.82,263.34
1406.16,1512.05,1.29,24.74,263.69
1403.69,1510.49,1.50,22.12,83.69
1486.21,1519.79,1.34,23.60,83.34
1568.66,1529.01,1.33,21.17,82.57
1651.13,1534.37,1.36,46.95,85.73
1690.79,1491.59,1.47,27.26,174.40
1698.75,1409.04,1.36,48.41,174.40
1718.95,1331.65,1.52,4.20,99.73
1727.91,1254.08,1.38,76.41,174.99
1735.35,1172.13,1.39,32.87,174.61
1743.13,1089.66,1.41,115.70,174.61
1738.82,1023.56,0.00,1.77,174.29
1753.03,955.56,1.31,23.39,174.21
1763.64,874.30,1.46,8.65,83.54
1844.64,888.05,1.42,59.03,83.99
1928.28,896.20,1.45,5.17,84.07
1975.86,859.71,1.47,34.12,173.77
1988.76,778.82,1.28,8.63,173.02
1978.35,836.86,1.32,57.03,353.77
1950.15,898.45,1.47,18.20,264.15
1867.53,889.82,1.29,36.08,263.99
1784.85,881.13,1.25,119.22,264.29
1755.39,932.29,1.48,46.78,354.21
1739.61,1011.18,1.43,2.21,359.95
1744.82,1071.96,1.29,133.49,354.51
1736.95,1155.21,1.42,49.86,354.61
1729.37,1237.36,1.49,93.19,354.99
1722.12,1320.21,1.50,10.02,355.01
1700.45,1398.07,1.41,59.50,354.93
1692.53,1480.44,1.23,38.48,354.40
1683.13,1558.87,1.43,41.42,357.46
1668.63,1637.00,1.43,51.80,289.33
1594.46,1673.05,1.35,26.85,290.16
1516.82,1701.06,1.45,28.17,291.39
1448.14,1698.07,1.42,0.25,226.53
1372.65,1720.19,1.30,66.97,290.08
1358.85,1768.06,1.31,4.66,338.48
1328.66,1844.69,1.41,60.10,338.50
1297.74,1923.18,1.40,20.94,338.50
1267.09,2001.00,1.50,4.56,338.50
1236.76,2077.99,1.30,87.31,338.50
1206.42,2155.01,1.25,39.13,338.51
1260.69,2190.22,1.29,15.12,75.15
1261.60,2237.36,1.39,41.52,152.26
1243.75,2185.73,1.47,32.64,255.15
1212.95,2138.43,1.24,21.31,158.51
1243.66,2060.48,1.50,68.49,158.50
1273.78,1984.02,1.23,86.33,158.50
1304.51,1905.97,1.28,2.44,158.50
1334.92,1828.80,1.41,43.01,158.50
1370.09,1755.26,1.44,8.80,235.83
1388.95,1713.55,1.50,49.38,110.08
1461.45,1709.88,1.39,18.03,46.19
1532.25,1694.33,1.25,44.99,111.39
1499.83,1642.67,1.47,4.50,293.48
1496.60,1583.31,1.44,16.99,198.08
1559.64,1547.27,1.47,27.57,105.01
1631.43,1532.90,1.30,27.22,85.73
1689.87,1520.54,0.06,20.49,91.07
1736.80,1548.36,1.29,3.31,84.79
1820.71,1556.00,1.32,87.56,84.79
1903.79,1563.57,1.34,170.99,84.79
1982.14,1569.99,1.52,44.83,84.56
2065.01,1577.88,1.40,128.08,84.56
2109.79,1538.06,1.51,41.72,173.16
2110.89,1539.60,1.35,40.33,353.16
2063.00,1578.98,1.26,126.18,264.56
1979.29,1571.01,1.46,42.09,264.56
1911.20,1551.26,1.46,5.00,175.51
1920.98,1477.85,1.24,37.54,173.49
1929.24,1394.14,1.29,121.97,182.38
1872.48,1350.79,1.43,33.28,263.47
1789.55,1341.78,1.28,116.70,264.18
1731.00,1314.14,1.30,95.40,174.95
1738.24,1231.61,1.41,12.56,174.99
1745.88,1149.14,1.41,90.01,174.61
1753.63,1067.22,1.47,7.73,174.51
1752.63,1024.75,1.25,2.29,84.44
1820.27,1039.66,1.37,39.77,84.34
1903.29,1047.89,1.34,123.20,84.34
1899.37,1048.79,1.49,119.38,264.34
1815.80,1040.51,1.41,35.40,264.34
1746.06,1025.52,1.32,3.40,264.03
1754.64,1070.15,1.32,10.55,354.50
1746.90,1151.95,1.33,92.72,354.61
1739.45,1232.48,1.52,13.31,354.99
1732.12,1316.07,1.34,97.23,354.95
1735.29,1390.60,1.46,28.76,353.90
1726.35,1472.76,1.24,72.71,353.66
1712.17,1552.44,1.30,6.17,352.95
1702.68,1633.83,1.36,13.81,349.26
1691.87,1708.51,1.42,65.00,353.95
1683.14,1790.88,1.27,38.41,353.95
1674.34,1873.84,1.46,121.84,353.95
1694.34,1907.45,1.37,20.25,53.22
1771.74,1934.35,1.45,103.73,82.25
1844.86,1951.39,1.39,104.72,85.77
1927.24,1956.90,1.45,22.16,86.84
2010.35,1959.40,1.37,51.87,88.95
2064.15,1957.26,1.48,2.54,237.21
1980.44,1959.49,1.49,81.75,268.95
1896.75,1955.82,1.42,52.65,265.84
1813.95,1949.23,1.48,6.91,264.03
1730.86,1935.35,1.51,75.86,256.88
1668.18,1901.46,1.48,0.82,82.63
1617.79,1853.24,1.34,50.94,226.70
1556.77,1795.06,1.43,35.27,225.95
1496.61,1736.87,1.31,118.97,225.95
1431.21,1698.79,1.49,4.63,290.08
1354.79,1726.71,1.40,1.35,289.53
1289.35,1698.32,1.43,57.91,236.10
1217.93,1657.02,1.25,69.42,243.68
1143.34,1620.11,1.26,152.70,243.68
1084.92,1635.41,1.39,1.92,323.28
1035.63,1680.06,1.30,56.64,15.85
1048.80,1755.39,1.36,18.57,15.86
1121.72,1747.23,1.46,101.74,105.85
1085.81,1761.42,1.39,42.32,105.85
1089.63,1754.35,1.54,68.93,285.85
1062.88,1735.09,1.51,3.60,105.86
1088.58,1680.28,1.36,36.96,195.85
1099.77,1609.36,1.24,26.00,151.96
1169.03,1632.11,1.54,124.34,63.68
1243.46,1669.52,1.51,40.96,61.71
1311.88,1715.00,1.44,29.76,50.95
1382.21,1716.02,1.48,56.56,110.08
1455.16,1703.85,1.45,9.31,46.53
1524.80,1697.25,1.52,36.99,111.39
1604.09,1668.83,1.48,37.34,110.16
1677.27,1632.34,1.45,3.35,163.07
1682.92,1549.24,1.39,51.04,177.40
1692.82,1470.92,1.25,47.95,174.40
1700.90,1387.41,1.50,10.28,174.93
1722.29,1310.97,1.42,19.25,175.00
1729.48,1228.88,1.30,101.65,174.99
1737.18,1145.98,1.37,59.07,174.61
1745.00,1063.31,1.26,142.11,174.51
1739.47,999.57,0.00,1.71,174.56
1755.80,928.23,1.51,50.87,174.21
1787.00,881.99,1.39,117.00,84.29
1869.83,890.71,1.37,33.70,83.99
1952.96,899.38,1.28,15.31,84.15
1978.67,833.93,1.45,59.97,173.77
2032.62,804.56,1.37,14.38,83.64
2114.48,813.70,1.53,42.88,83.63
2198.84,822.95,1.25,1.63,83.86
2226.12,824.49,1.30,7.89,245.39
2145.27,817.14,1.43,11.89,263.63
2062.38,807.88,1.31,95.30,263.63
1982.30,798.80,1.50,3.95,265.09
1898.91,792.00,1.45,83.27,265.09
1816.38,784.91,1.35,166.10,265.09
1734.83,777.29,1.34,2.68,263.66
1652.31,768.13,1.43,25.17,263.67
1571.35,759.14,1.29,45.65,263.66
1489.61,750.06,1.24,127.89,263.66
1418.33,745.27,1.48,17.98,263.32
1335.84,736.28,1.33,54.79,263.88
1252.50,727.56,1.33,18.59,264.35
1169.68,719.40,1.45,73.10,264.38
1086.34,710.43,1.48,50.31,263.59
1003.89,701.20,1.44,133.13,263.78
935.44,710.99,1.51,16.01,342.14
909.76,790.57,1.43,99.63,342.12
883.98,870.48,1.29,183.59,342.13
889.54,905.01,1.33,5.77,354.98
856.65,969.74,1.37,21.94,288.75
855.39,1045.44,1.53,71.96,353.51
854.11,1051.07,1.50,77.70,173.51
860.04,971.75,1.38,2.77,264.28
884.16,921.86,1.29,10.36,158.88
886.46,892.06,1.49,7.03,265.23
899.04,819.63,1.29,130.57,162.12
924.59,740.46,1.48,47.38,162.12
973.01,696.54,1.39,164.27,83.78
1056.45,705.79,1.53,80.48,83.59
1140.18,715.32,1.36,5.72,84.02
1224.25,723.48,1.42,18.39,84.38
1307.31,731.93,1.46,83.62,83.88
1391.00,741.05,1.53,8.85,83.88
1436.04,784.51,1.28,33.01,353.31
1430.06,865.69,1.34,29.77,353.72
1414.36,943.29,1.29,26.98,264.32
1398.33,994.17,1.29,5.21,351.12
1411.01,1019.47,0.00,0.02,82.55
1410.28,1093.96,1.39,71.02,353.81
1402.43,1175.98,1.37,5.36,356.71
1393.82,1259.30,1.32,22.43,353.55
1385.87,1336.41,1.24,25.01,354.92
1377.73,1419.57,1.36,108.54,353.41
1368.20,1502.11,1.39,191.61,353.41
1434.59,1538.06,1.40,53.72,68.27
1497.85,1583.02,1.53,16.88,18.08
1512.82,1623.70,1.33,6.52,20.59
1491.83,1676.14,1.31,12.75,290.11
1511.61,1663.09,1.48,11.79,108.20
1576.52,1628.76,1.42,28.42,107.42
1627.75,1616.60,1.24,3.29,194.79
1678.49,1629.18,1.40,5.98,340.32
1684.35,1694.47,1.39,52.24,353.95
1675.64,1776.68,1.29,104.52,353.95
1666.78,1860.15,1.40,20.58,353.95
1659.71,1900.35,1.54,2.09,13.90
1651.20,1973.48,1.51,36.15,353.93
1624.71,2004.36,1.38,40.98,225.73
1572.47,1990.18,1.26,56.86,330.70
1520.89,2031.59,1.49,21.03,241.35
1515.29,2089.48,1.42,149.06,330.71
1474.98,2161.34,1.47,65.78,330.71
1407.86,2149.41,1.30,4.26,331.48
1364.75,2208.63,1.41,26.20,255.12
1284.03,2187.00,1.35,6.61,255.10
1204.36,2166.01,1.50,0.06,255.15
1123.97,2144.67,1.40,23.52,255.13
1068.07,2171.29,1.51,1.83,322.35
1010.04,2229.47,1.35,63.24,315.00
950.96,2280.00,1.34,7.23,255.05
870.88,2258.61,1.27,90.12,255.05
945.99,2277.35,1.40,12.72,75.05
976.89,2218.37,1.40,69.69,165.10
998.06,2138.19,1.49,13.35,165.97
1042.45,2122.48,1.33,18.98,75.25
1122.35,2143.58,1.26,21.68,75.13
1198.79,2156.93,1.46,3.69,158.49
1229.57,2078.78,1.24,35.29,158.50
1260.26,2000.88,1.28,119.01,158.50
1290.13,1925.06,1.47,60.99,158.50
1320.56,1847.80,1.45,52.56,158.50
1351.08,1770.30,1.40,7.93,158.48
1371.25,1720.03,1.38,68.23,110.08
1449.23,1698.22,1.38,1.14,46.53
1517.15,1700.24,1.53,28.78,111.39
1595.91,1671.83,1.52,28.63,110.16
1669.35,1636.07,1.26,52.78,109.33
1683.15,1558.40,1.53,41.89,177.46
1692.40,1481.68,1.39,37.24,174.40
1700.40,1398.64,1.45,58.93,174.93
1721.92,1322.49,1.48,7.74,175.01
1728.43,1240.80,1.39,89.69,174.99
1735.88,1159.74,1.34,45.25,174.61
1743.64,1077.53,1.50,127.82,174.51
1737.90,1026.28,1.28,2.44,173.80
1751.56,963.66,1.29,15.17,174.21
1759.69,880.09,1.38,1.08,174.57
1835.43,887.09,1.29,68.30,83.99
1918.97,895.87,1.38,5.07,84.00
1974.88,868.64,1.35,25.16,173.77
1988.21,789.87,1.35,4.84,83.09
2071.20,799.85,1.53,18.44,83.63
2152.71,808.95,1.28,100.46,83.63
2207.48,783.22,1.45,28.42,174.49
2213.81,726.91,1.53,42.84,354.16
2205.55,809.87,1.38,1.70,354.49
2124.86,806.49,1.28,72.51,263.63
2041.71,797.20,1.48,43.41,263.64
1980.72,815.14,1.53,78.81,353.77
1971.54,898.25,1.40,3.65,344.13
1887.85,891.96,1.36,15.65,263.99
1806.24,883.37,1.25,97.72,263.99
1757.57,910.62,1.24,68.58,354.57
1740.79,987.92,1.44,2.47,306.60
1771.68,1027.71,1.48,2.07,82.49
1736.30,1052.61,1.54,1.87,354.08
1740.44,1124.99,1.43,80.28,354.61
1731.45,1208.16,1.31,0.14,354.44
1725.29,1291.33,1.29,39.07,354.99
1704.01,1366.84,1.30,30.67,354.93
1696.04,1449.81,1.33,7.58,354.40
1688.97,1532.86,1.33,6.50,357.82
1608.99,1533.86,1.46,4.82,270.46
1526.27,1525.76,1.28,64.07,263.34
1444.16,1513.79,1.33,0.73,174.64
1453.23,1443.48,1.34,2.18,258.39
1447.88,1484.58,1.54,10.68,357.82
1393.10,1510.61,1.27,11.61,263.69
1314.37,1506.46,1.43,13.85,266.20
1230.53,1500.89,1.41,38.78,266.19
1167.84,1495.01,1.32,171.95,242.35
1093.73,1457.14,1.52,88.71,243.85
1019.12,1422.34,1.48,6.36,245.51
942.47,1394.93,1.24,123.72,251.20
861.82,1375.95,1.37,40.69,262.96
793.82,1352.14,1.30,2.28,173.46
803.33,1269.25,1.44,85.71,173.46
813.37,1185.73,1.28,18.53,173.77
822.46,1102.36,1.54,102.39,173.77
831.41,1020.36,1.26,184.88,173.77
809.46,965.78,1.24,3.63,263.98
796.53,963.67,1.34,6.45,83.86
833.13,1010.53,1.52,194.83,353.77
824.19,1092.43,1.30,112.45,353.77
815.24,1174.46,1.26,29.93,353.77
806.07,1256.61,1.38,0.18,353.46
796.10,1337.94,1.32,16.64,353.46
842.41,1378.07,1.32,165.82,82.96
924.25,1393.46,1.47,82.46,71.20
1003.63,1420.15,1.50,8.60,70.86
1078.97,1454.89,1.42,150.68,63.84
1152.79,1492.18,1.34,67.97,62.36
1228.14,1529.05,1.51,40.23,64.47
1303.37,1566.67,1.37,20.71,62.25
1369.59,1614.70,1.45,14.04,45.18
1430.56,1672.86,1.42,64.67,46.16
1490.32,1718.13,1.48,3.01,155.77
1566.62,1688.23,1.48,4.53,108.81
1644.73,1659.46,1.31,38.18,131.81
1696.56,1658.32,1.32,14.62,353.94
1687.76,1741.21,1.47,97.93,353.95
1679.30,1808.88,1.52,56.72,173.95
1688.13,1725.65,1.30,82.44,173.95
1696.99,1643.42,1.41,2.57,173.94
1629.99,1666.85,1.36,54.69,289.91
1551.83,1694.93,1.53,8.94,288.27
1510.91,1638.55,1.46,16.30,293.48
1515.41,1635.70,1.29,1.26,67.26
1516.03,1700.68,1.39,27.57,291.39
1448.40,1697.43,1.42,4.77,226.53
1370.86,1720.17,1.44,68.64,290.08
1303.27,1708.01,1.32,40.87,230.95
1259.91,1745.42,1.41,78.61,341.57
1214.50,1809.60,1.49,3.69,357.57
1150.77,1853.10,1.38,0.05,342.10
1131.48,1933.64,1.41,19.81,347.75
1065.64,1943.16,1.38,306.63,258.47
984.22,1926.55,1.40,223.53,258.47
900.90,1909.55,1.49,138.50,258.47
819.68,1892.98,1.30,55.60,258.47
765.56,1856.43,1.37,38.12,173.67
761.04,1816.13,1.44,3.44,352.78
771.99,1882.60,1.36,6.79,78.47
853.67,1899.27,1.49,90.16,78.47
936.22,1916.11,1.38,174.42,78.47
1017.25,1932.64,1.32,257.12,78.47
1099.55,1949.36,1.32,24.73,78.61
1137.10,1900.52,1.43,53.40,169.55
1176.91,1841.16,1.31,7.87,123.35
1240.23,1791.68,1.45,26.76,117.31
1270.51,1715.62,1.49,110.22,161.57
1328.62,1727.76,1.27,8.68,50.95
1399.37,1709.07,1.41,38.06,110.08
1469.77,1716.97,1.29,28.94,46.19
1542.75,1689.84,1.32,2.82,108.23
1620.63,1662.46,1.49,1.38,110.06
1687.00,1618.19,1.53,1.07,176.12
1688.89,1609.23,1.37,10.12,356.12
1686.92,1670.34,1.27,76.51,353.87
1678.08,1753.61,1.52,127.72,353.95
1669.42,1835.31,1.24,45.56,353.95
1674.12,1882.79,1.42,1.04,83.92
1737.26,1926.98,1.44,68.21,76.95
1808.83,1948.33,1.54,12.04,89.22
1890.80,1954.10,1.34,58.71,85.84
1973.68,1958.09,1.43,88.52,88.95
2056.26,1956.53,1.53,5.89,93.24
2068.74,2032.75,1.30,36.68,1.68
2044.54,2083.37,1.45,258.98,234.08
1964.06,2072.71,1.25,176.08,266.11
1881.57,2061.01,1.43,92.81,261.80
1800.30,2049.30,1.35,10.70,261.84
1847.31,2054.78,1.51,58.00,81.80
1928.55,2066.49,1.28,140.09,81.80
2012.60,2074.73,1.41,224.65,86.11
2068.48,2067.55,1.45,1.90,181.68
2066.06,1985.02,1.37,84.47,181.68
2009.08,1960.02,1.26,53.12,268.95
1927.07,1957.53,1.42,22.30,266.84
1843.09,1951.90,1.38,106.45,265.77
1770.08,1935.42,1.50,102.21,262.25
1691.87,1907.20,1.50,18.11,233.22
1663.03,1883.50,1.47,0.40,263.54
1601.91,1826.85,1.53,14.26,226.70
1542.61,1769.79,1.29,71.04,225.95
1499.45,1712.67,1.34,40.85,111.39
1524.64,1658.85,1.24,3.12,200.59
1522.77,1645.62,1.45,0.29,107.42
1602.25,1620.69,1.47,1.46,107.42
1680.61,1600.99,1.52,2.82,166.27
1688.07,1522.67,1.45,16.65,177.82
1695.72,1439.94,1.31,17.37,174.40
1705.22,1357.55,1.30,40.01,163.65
1725.57,1280.78,1.30,49.61,174.99
1732.90,1198.13,1.32,6.75,174.61
1740.62,1116.32,1.48,88.92,174.61
1735.47,1054.41,0.00,14.87,174.08
1739.48,999.46,0.00,1.82,174.56
1755.87,927.51,1.50,51.60,174.21
1767.53,845.89,1.54,26.25,173.49
1786.45,772.47,1.29,2.95,195.05
1791.87,746.47,1.33,10.80,347.57
1738.89,777.38,1.41,11.42,263.66
1656.69,768.62,1.33,20.76,263.67
1573.74,759.40,1.48,43.24,263.66
1492.41,750.37,1.29,125.08,263.66
1447.63,732.02,1.38,0.38,263.90
1434.64,790.97,1.32,26.43,353.31
1428.64,872.69,1.35,22.65,353.72
1408.21,941.39,1.51,20.67,264.32
1396.47,1002.39,1.33,1.98,353.11
1404.15,1067.33,1.53,103.66,353.81
1395.13,1150.46,1.39,20.14,353.81
1333.06,1167.63,1.34,40.53,263.99
1300.07,1192.67,1.37,2.43,85.17
1340.35,1259.67,1.53,12.49,23.04
1379.56,1305.81,1.33,0.81,353.72
1372.95,1387.52,1.50,116.53,353.71
1363.51,1470.18,1.38,33.33,353.42
1353.23,1552.47,1.51,28.95,352.39
1370.55,1614.76,1.45,13.32,45.18
1431.02,1672.42,1.35,64.64,46.16
1490.16,1728.85,1.27,129.18,45.95
1549.36,1786.12,1.37,46.80,45.95
1609.16,1843.35,1.32,64.00,46.70
1663.94,1900.21,1.26,0.07,83.72
1729.37,1933.69,1.38,77.68,76.88
1810.82,1947.62,1.42,10.18,84.03
1893.47,1954.30,1.38,56.03,85.84
1975.76,1958.12,1.52,86.45,88.95
2058.51,1956.41,1.35,3.64,92.93
2068.80,2034.60,1.38,34.83,1.68
2087.04,2105.50,1.40,18.41,18.27
2114.66,2184.47,1.53,17.91,19.18
2172.36,2215.17,1.39,39.94,96.66
2254.58,2202.54,1.27,70.09,98.94
2336.26,2189.69,1.27,152.77,98.94
2400.59,2189.27,1.35,4.37,278.94
2318.29,2202.22,1.39,87.68,278.94
2358.20,2194.65,1.52,47.07,98.94
2377.94,2184.42,1.29,194.77,278.94
2295.01,2197.47,1.54,110.81,278.94
2213.48,2210.31,1.52,28.28,278.94
2129.91,2220.41,1.47,9.78,231.89
2098.87,2144.86,1.43,7.67,199.50
2075.10,2068.83,1.25,1.29,280.71
2065.64,1992.57,1.46,76.93,181.68
2017.68,1960.00,1.37,44.57,273.24
1934.09,1957.92,1.41,15.27,266.84
1850.90,1952.47,1.36,98.62,265.77
1768.84,1943.64,1.42,37.20,262.26
1690.69,1916.70,1.45,119.93,233.22
1642.78,1876.80,1.24,16.59,226.70
1581.97,1819.44,1.36,0.20,225.95
1522.04,1761.47,1.51,83.59,225.95
1460.10,1709.46,1.31,16.76,226.19
1391.26,1713.39,1.44,47.16,290.08
1319.58,1722.07,1.34,19.30,230.95
1252.13,1674.91,1.38,30.76,241.71
1177.03,1636.78,1.44,115.09,243.68
1103.35,1601.31,1.25,7.05,333.81
1044.22,1650.58,1.24,26.97,285.86
994.81,1600.48,1.51,4.74,253.85
995.15,1658.75,1.36,50.30,16.66
974.70,1723.13,1.37,3.99,15.56
999.10,1665.27,1.51,42.91,196.66
987.68,1600.41,1.48,0.86,73.82
1036.35,1654.14,1.31,35.52,105.86
1099.59,1609.71,1.40,25.60,151.96
1169.61,1632.40,1.40,123.68,63.68
1243.65,1669.62,1.51,40.75,61.71
1313.23,1716.09,1.42,28.02,50.95
1383.08,1715.70,1.52,55.63,110.08
1434.79,1684.50,1.52,73.13,226.42
1380.88,1625.54,1.37,0.69,135.19
1445.56,1590.14,1.48,48.97,120.35
1522.44,1558.85,1.49,19.48,109.59
1594.26,1531.17,1.37,7.93,81.52
1676.87,1536.29,1.24,72.73,85.73
1693.31,1465.95,1.37,52.93,174.40
1713.87,1400.58,1.33,2.34,85.52
1728.88,1462.95,1.47,62.71,355.14
1708.42,1528.42,1.24,2.26,266.09
1713.43,1527.48,1.52,7.19,86.09
1728.70,1457.84,1.51,21.80,175.52
1735.84,1373.46,1.33,11.81,173.90
1732.33,1299.03,1.50,80.23,174.99
1740.79,1216.42,1.41,0.92,143.70
1747.37,1133.39,1.35,74.19,174.61
1753.63,1057.85,0.01,0.06,264.44
1745.39,1032.63,1.44,20.38,355.88
1792.74,1038.47,1.39,143.87,84.09
1875.29,1047.01,1.46,60.89,84.09
1950.75,1044.35,1.39,6.83,84.15
1985.63,1053.57,1.45,4.42,173.94
1917.81,1052.70,1.42,18.01,264.09
1835.14,1044.15,1.24,101.11,264.09
1763.78,1027.43,1.25,0.08,263.62
1755.96,1057.21,1.33,1.72,27.32
1747.89,1141.49,1.41,82.21,354.61
1740.21,1223.74,1.26,4.55,354.99
1733.01,1305.93,1.24,87.05,354.99
1736.42,1380.09,1.39,18.29,353.90
1729.36,1463.82,1.44,63.55,355.52
1706.84,1528.31,1.25,0.67,266.09
1725.96,1486.98,1.52,3.73,174.88
1733.01,1402.92,1.41,76.89,175.52
1726.03,1333.02,1.36,4.06,264.98
1643.36,1324.61,1.23,40.36,263.50
1562.19,1316.08,1.33,0.35,264.59
1479.29,1308.45,1.32,88.05,264.76
1396.26,1300.84,1.49,4.67,264.76
1315.33,1292.16,1.38,22.02,263.72
1231.91,1282.98,1.53,42.77,263.72
1152.18,1277.45,1.39,120.70,263.73
1069.16,1268.33,1.46,37.19,263.73
986.30,1259.22,1.52,151.18,263.73
903.44,1250.12,1.50,67.83,263.73
834.44,1229.75,1.33,17.68,173.50
843.78,1147.59,1.38,174.76,173.51
853.19,1064.83,1.41,91.47,173.51
862.55,982.46,1.30,8.57,173.51
857.12,1035.88,1.40,62.26,353.51
847.64,1119.29,1.52,146.21,353.51
838.24,1201.95,1.38,229.40,353.51
828.87,1284.32,1.44,19.25,353.52
819.38,1367.54,1.28,0.06,353.88
900.01,1382.05,1.37,79.35,77.58
980.12,1406.40,1.52,163.00,71.20
1055.89,1437.68,1.31,46.18,65.51
1129.31,1473.38,1.24,127.79,62.35
1203.06,1510.69,1.48,210.47,64.49
1268.86,1502.16,1.42,0.45,86.19
1351.12,1511.14,1.48,4.37,84.56
1418.12,1531.50,1.23,71.44,68.27
1492.11,1565.15,1.25,0.52,52.23
1491.80,1631.46,1.42,1.92,23.49
1490.87,1565.05,1.30,0.31,198.27
1416.48,1530.84,1.42,73.21,248.27
1369.02,1483.86,1.29,173.38,173.41
1378.48,1401.62,1.41,90.62,173.71
1386.13,1319.09,1.29,7.73,174.92
1360.86,1271.21,1.35,2.04,174.62
1369.61,1191.31,1.41,8.86,354.76
1362.41,1274.61,1.51,2.08,39.00
1378.09,1329.97,1.36,174.31,354.93
1370.18,1412.41,1.36,91.49,353.42
1360.56,1495.80,1.50,7.54,353.42
1349.74,1578.55,1.45,2.63,352.39
1384.93,1636.12,1.54,3.38,21.16
1444.80,1693.14,1.47,86.34,46.42
1371.55,1720.60,1.37,68.14,290.08
1371.18,1768.29,1.39,177.49,47.97
1432.43,1823.51,1.28,94.98,47.97
1372.95,1771.61,1.36,173.96,227.97
1365.00,1722.31,1.39,74.88,110.08
1441.56,1697.91,1.37,2.57,110.51
1509.39,1703.28,1.37,20.44,111.39
1588.39,1674.59,1.53,20.62,110.16
1661.95,1638.66,1.29,44.95,109.33
1682.77,1566.91,1.28,33.38,177.46
1691.73,1488.55,1.24,30.36,174.40
1699.62,1406.68,1.25,50.85,174.40
1721.30,1329.60,1.29,0.60,175.01
1728.56,1246.62,1.38,83.89,174.99
1736.03,1165.01,1.45,40.02,174.61
1743.79,1082.75,1.48,122.64,174.61
1738.98,1021.94,1.53,1.42,174.01
1753.23,953.50,1.26,25.46,174.21
1764.39,872.24,1.37,10.21,173.49
1774.13,788.08,1.49,84.44,173.52
1777.97,706.45,1.39,4.70,174.85
1797.37,654.37,1.39,8.58,1.27
1785.41,663.14,1.27,43.88,346.96
1775.79,744.18,1.39,25.44,0.50
1770.37,826.63,1.43,45.72,353.49
1758.54,907.20,1.37,72.07,354.57
1743.73,986.54,1.24,5.65,306.60
1737.79,1039.65,1.29,2.23,354.06
1742.82,1099.80,1.32,105.58,354.61
1735.09,1181.73,1.30,23.28,354.61
1727.63,1264.60,1.35,65.90,354.99
1716.53,1343.35,1.46,1.05,4.40
1698.68,1422.87,1.33,34.65,354.40
1690.62,1506.40,1.38,12.54,354.40
1682.80,1580.56,1.42,19.75,357.46
1650.56,1647.38,1.45,30.28,311.79
1574.07,1680.53,1.32,5.13,290.16
1496.00,1709.21,1.38,5.82,291.39
1428.40,1699.82,1.35,7.61,290.08
1349.78,1728.49,1.24,6.67,289.53
1343.38,1793.35,1.23,111.59,338.50
1313.00,1870.46,1.52,28.70,338.50
1282.72,1947.34,1.48,37.54,338.50
1252.72,2023.50,1.41,95.20,338.50
1221.72,2102.22,1.26,10.60,338.50
1179.65,2160.82,1.40,81.48,255.26
1098.26,2139.02,1.50,6.62,255.13
1023.20,2128.66,1.29,54.02,255.25
998.18,2110.82,1.45,6.17,75.25
1078.82,2131.91,1.50,0.59,75.25
1158.96,2153.30,1.46,59.55,75.13
1212.63,2121.80,1.41,41.45,158.49
1243.18,2044.23,1.32,72.42,158.50
1273.04,1968.42,1.49,14.38,158.50
1303.25,1891.72,1.39,5.35,158.50
1333.76,1814.27,1.48,88.60,158.50
1343.19,1743.20,1.42,18.86,224.94
1405.27,1707.59,1.54,32.01,110.08
1419.22,1669.68,1.40,51.63,226.42
1394.97,1610.56,1.23,103.54,122.07
1466.75,1569.79,1.37,20.97,117.51
1455.47,1517.51,1.29,8.45,263.68
1449.10,1450.84,0.00,4.46,175.60
1448.53,1467.43,1.53,27.84,357.82
1478.16,1518.85,1.25,15.49,83.34
1561.12,1528.03,1.27,13.57,82.57
1643.49,1533.80,1.25,39.29,85.73
1689.89,1500.78,1.53,18.05,174.40
1697.83,1418.43,1.42,38.98,174.40
1715.31,1339.08,1.35,1.06,173.72
1726.80,1259.44,1.44,70.97,174.99
1734.27,1176.82,1.46,28.10,174.61
1742.21,1099.44,1.31,105.88,174.61
1737.95,1031.92,1.41,1.53,173.86
1771.27,1029.91,1.27,0.54,177.14
1736.14,1054.12,1.41,0.35,354.08
1740.27,1126.84,1.45,78.42,354.61
1731.36,1209.02,1.50,5.67,354.44
1725.09,1293.65,1.26,36.74,354.99
1703.80,1369.21,1.31,28.34,354.93
1695.77,1452.56,1.34,4.82,354.40
1688.86,1535.70,1.48,3.66,357.82
1671.67,1605.10,1.39,0.82,281.16
1589.97,1625.88,1.26,14.72,287.42
1525.01,1658.95,1.48,2.12,334.48
1503.85,1671.83,1.42,0.85,288.56
1508.50,1615.81,1.25,1.76,200.61
1467.62,1551.23,1.28,18.16,248.27
1389.61,1520.13,1.49,102.14,248.27
1325.04,1507.17,1.31,3.16,266.20
1241.48,1501.62,1.39,27.80,266.19
1176.93,1499.64,1.52,182.13,244.49
1103.31,1461.84,1.52,99.38,243.85
1027.66,1426.23,1.34,15.75,245.51
950.77,1397.76,1.38,132.47,251.20
870.18,1376.99,1.31,49.11,262.96
797.60,1357.95,1.45,1.25,265.67
802.49,1276.53,1.41,78.38,173.46
812.40,1194.57,1.42,9.63,173.77
821.36,1112.52,1.34,92.17,173.77
830.47,1028.97,1.40,176.22,173.77
816.18,966.49,1.41,10.39,263.98
779.45,921.66,1.49,12.99,264.57
727.62,916.15,1.38,2.04,84.56
805.05,928.55,1.33,34.70,84.48
858.33,927.32,0.00,0.02,75.25
920.88,937.18,1.51,107.36,81.99
1002.24,948.63,1.32,25.20,81.99
1085.46,957.89,1.32,126.56,84.46
1167.53,965.85,1.25,44.10,84.46
1250.11,973.75,1.44,146.60,84.64
1333.29,981.56,1.42,63.04,84.64
1411.96,987.71,0.00,0.10,82.41
1481.63,1002.13,1.34,40.20,83.72
1564.82,1011.29,1.33,123.89,83.72
1648.05,1020.46,1.36,207.62,83.72
1730.23,1029.50,1.36,290.29,83.72
1754.69,1069.57,1.53,9.96,354.50
1748.78,1111.65,1.28,52.41,174.61
1742.48,1057.44,1.36,4.74,268.42
1687.08,1026.04,1.30,247.02,263.72
1604.69,1016.97,1.35,164.14,263.72
1521.03,1007.76,1.25,79.98,263.72
1439.01,997.20,1.54,1.30,219.06
1379.56,986.54,1.33,16.52,264.64
1297.15,978.81,1.53,99.29,264.64
1215.30,970.39,1.32,2.37,264.17
1132.56,963.10,1.48,79.17,264.46
1050.13,955.11,1.39,161.99,264.46
968.11,944.47,1.32,59.57,261.99
885.09,932.79,1.24,143.41,261.99
864.40,929.58,0.00,1.69,255.25
813.86,936.88,1.36,6.91,266.30
796.53,952.77,1.30,1.39,354.29
834.61,996.97,1.34,208.47,353.77
825.49,1080.49,1.42,124.46,353.77
816.51,1162.85,1.49,41.61,353.77
807.22,1246.50,1.50,10.36,353.46
797.71,1329.50,1.52,25.21,353.46
840.20,1371.99,1.32,18.78,82.96
922.88,1387.09,1.44,102.74,77.58
1002.17,1413.93,1.43,186.27,70.84
1077.22,1447.61,1.50,69.69,63.85
1150.99,1484.74,1.24,152.26,62.35
1218.98,1509.06,1.46,58.26,173.89
1293.95,1503.82,1.31,34.40,86.20
1371.29,1507.64,1.34,1.28,84.29
1439.85,1540.16,1.44,48.06,68.27
1499.54,1588.21,1.27,11.42,18.08
1521.62,1661.14,1.40,1.67,288.20
1491.58,1680.77,0.00,0.04,216.02
1528.33,1643.88,1.48,78.93,107.42
1608.66,1618.90,1.36,8.68,102.91
1686.63,1601.65,1.39,1.85,122.80
1696.53,1541.02,1.48,0.33,86.78
1721.74,1495.65,1.26,14.81,173.66
1731.07,1412.92,1.51,12.71,173.66
1729.80,1339.15,1.29,1.86,155.72
1661.07,1335.65,1.46,52.52,263.49
1705.49,1361.15,1.43,36.69,343.65
1696.52,1444.82,1.40,12.59,354.40
1688.73,1522.22,1.46,17.13,357.82
1681.20,1602.16,1.44,3.58,357.35
1631.96,1658.65,1.52,8.28,289.92
1554.40,1687.35,1.42,14.66,288.23
1479.57,1718.62,1.40,3.58,316.96
1412.18,1705.75,1.41,24.89,290.08
1352.05,1738.48,1.32,9.07,44.96
1343.79,1806.30,1.34,18.83,338.50
1313.26,1883.79,1.29,102.12,338.50
1282.66,1961.47,1.33,62.10,338.50
1252.18,2038.85,1.29,45.24,338.50
1221.20,2116.51,1.39,2.89,338.40
1221.70,2179.88,1.44,55.46,75.15
1207.03,2149.97,1.40,34.21,158.51
1237.20,2073.39,1.27,82.87,158.50
1267.48,1996.51,1.32,0.24,158.50
1298.15,1918.64,1.34,16.56,158.50
1328.53,1841.53,1.38,57.20,158.50
1360.29,1763.97,1.53,0.27,142.95
1375.26,1717.88,1.28,63.73,110.08
1448.81,1696.84,1.27,0.12,46.53
1516.05,1699.99,1.53,27.85,111.39
1594.19,1671.78,1.43,27.03,110.16
1668.16,1635.81,1.52,51.74,109.33
1682.48,1559.07,1.33,41.20,177.46
1691.78,1481.52,1.33,37.34,174.40
1699.77,1398.53,1.31,58.98,174.93
1721.31,1322.16,1.45,8.02,175.01
1728.59,1239.02,1.53,91.48,174.99
1736.16,1156.83,1.31,48.17,174.61
1743.96,1074.16,1.33,131.21,174.51
1751.01,1025.24,1.35,0.72,84.44
1818.48,1041.78,1.34,117.93,84.09
1902.89,1050.52,1.39,33.07,84.09
1974.61,1047.40,1.36,2.51,84.41
2045.65,1066.52,1.50,109.55,84.26
2128.26,1074.82,1.44,26.53,84.26
2144.54,1077.10,1.33,10.10,264.26
2060.40,1068.65,1.30,94.66,264.26
1985.84,1051.55,1.48,6.44,173.94
1919.74,1052.90,1.31,16.07,264.09
1837.50,1044.39,1.36,98.74,264.09
1767.86,1027.88,1.26,4.19,263.21
1737.10,1044.91,0.00,0.01,354.08
1751.00,1108.47,1.48,49.04,354.61
1743.19,1191.27,1.39,132.20,354.61
1735.79,1274.19,1.32,55.19,354.99
1736.36,1352.64,0.37,3.73,2.86
1731.16,1429.48,1.47,29.16,353.66
1721.49,1509.48,1.43,28.53,353.66
1758.93,1550.37,1.52,25.52,84.79
1841.40,1557.89,1.36,108.34,84.79
1910.48,1577.74,1.50,33.60,351.64
1949.77,1619.95,1.32,28.88,83.28
2033.07,1629.77,1.30,112.76,83.28
2062.60,1646.11,1.35,29.80,264.01
1979.73,1637.41,1.30,113.13,264.01
1929.71,1630.88,1.35,163.55,84.01
2012.08,1639.52,1.29,80.73,84.01
2085.86,1636.55,1.39,1.53,127.73
2088.71,1710.52,1.49,7.12,353.68
2079.74,1793.28,1.53,152.81,353.93
2070.91,1876.31,1.35,69.40,353.93
2065.70,1959.15,1.49,0.09,2.38
2065.79,1997.81,1.40,71.69,181.68
2021.79,1959.76,1.47,40.46,273.24
1939.51,1958.22,1.35,9.84,266.84
1856.39,1952.88,1.40,93.11,265.77
1784.03,1937.31,1.38,116.36,262.25
1705.33,1915.58,1.45,33.98,245.24
1672.93,1868.88,1.36,117.05,173.95
1681.67,1786.51,1.45,34.23,173.95
1690.61,1702.22,1.49,58.88,173.95
1701.74,1628.46,1.36,8.71,169.26
1711.12,1545.28,1.44,4.56,172.95
1725.31,1464.72,1.26,64.83,173.66
1734.15,1383.25,1.26,21.64,173.90
1730.85,1308.62,1.43,89.92,174.95
1738.14,1225.33,1.29,6.31,174.99
1736.02,1151.49,1.34,53.47,174.61
1733.90,1194.38,1.25,10.57,354.61
1726.69,1275.39,1.26,55.07,354.99
1709.10,1352.16,1.26,46.91,317.45
1697.50,1434.85,1.24,22.61,354.40
1689.54,1517.43,1.34,1.50,354.40
1682.12,1596.09,1.25,4.20,357.46
1637.74,1657.23,1.24,14.20,289.92
1560.83,1685.60,1.27,2.51,288.85
1483.81,1715.02,1.24,5.23,316.96
1414.88,1704.76,1.27,22.01,290.08
1338.75,1736.05,1.51,6.38,312.59
1337.78,1807.56,1.50,96.31,338.50
1307.32,1884.88,1.39,13.20,338.50
1277.01,1961.84,1.45,21.96,338.50
1246.96,2038.12,1.53,79.48,338.50
1217.34,2114.30,1.48,2.75,338.54
1171.68,2158.68,1.41,73.24,254.83
1089.77,2136.92,1.54,7.45,255.25
1008.93,2115.64,1.27,1.67,255.24
1000.28,2111.37,1.28,8.35,75.25
1079.91,2132.20,1.53,1.71,75.29
1161.40,2153.95,1.53,62.08,75.13
1214.07,2118.13,1.53,45.40,158.49
1244.60,2040.62,1.53,76.30,158.50
1274.53,1964.66,1.28,18.43,158.50
1304.97,1887.37,1.48,10.03,158.50
1335.47,1809.93,1.49,93.26,158.50
1339.74,1739.53,1.40,23.87,222.56
1409.57,1706.02,1.49,27.43,110.08
1478.35,1720.51,1.33,1.56,113.02
1550.80,1694.60,1.33,9.82,108.27
1628.30,1666.79,1.38,56.26,109.91
1696.97,1641.48,1.29,2.73,263.28
1733.55,1592.86,1.46,1.66,179.83
1701.67,1552.42,1.25,2.15,130.74
1726.83,1597.66,1.48,16.22,284.83
1687.13,1641.01,1.30,1.97,263.74
1613.55,1672.17,1.28,8.62,290.16
1536.37,1699.58,1.41,1.70,291.39
1465.08,1714.24,1.52,23.67,226.19
1395.40,1711.88,1.43,42.75,290.08
1351.16,1749.38,1.49,8.88,44.94
1331.07,1824.60,1.29,78.00,338.50
1300.54,1902.11,1.42,86.15,338.50
1269.86,1979.99,1.33,2.45,338.50
1240.22,2055.25,1.43,61.08,338.50
1209.82,2132.41,1.36,30.56,338.49
1147.91,2152.35,1.31,48.63,255.13
1068.63,2131.35,1.48,46.56,255.25
989.39,2110.34,1.49,2.55,255.29
908.30,2089.14,1.34,21.71,255.25
826.85,2067.51,1.47,88.52,254.86
745.87,2045.93,1.27,4.70,255.82
723.56,1995.92,1.42,39.10,174.14
732.03,1913.09,1.50,57.88,174.17
771.40,1882.48,1.28,6.19,78.47
852.40,1899.01,1.33,88.87,78.47
932.88,1915.43,1.49,171.00,78.47
1014.91,1932.16,1.29,254.72,78.47
1095.99,1948.64,1.28,21.10,78.61
1136.50,1903.76,1.26,50.11,169.55
1176.84,1841.21,1.31,7.79,123.35
1239.34,1792.14,1.52,25.76,117.31
1270.26,1716.39,1.43,109.42,161.57
1328.16,1727.38,1.41,9.27,50.95
1399.18,1709.14,1.35,38.26,110.08
1469.76,1716.96,1.53,28.93,46.19
1544.14,1689.38,1.50,4.29,108.23
1622.37,1661.83,1.53,3.23,110.06
1680.16,1611.08,1.35,7.86,177.44
1687.70,1532.46,1.30,6.86,177.82
1694.77,1449.63,1.31,7.63,174.40
1702.68,1367.31,1.37,30.10,174.93
1724.07,1290.64,1.41,39.65,174.99
1730.22,1207.54,1.24,0.64,174.44
1739.26,1123.94,1.39,81.21,174.61
1735.33,1055.71,0.00,13.57,84.16
1738.98,997.91,1.51,1.49,174.56
1755.98,920.15,1.51,58.93,174.21
1797.68,883.11,1.49,106.26,83.99
1881.82,891.97,1.27,21.65,83.99
1965.13,900.63,1.28,3.08,84.15
1980.08,820.97,1.47,72.97,173.77
2000.56,800.99,1.52,46.64,263.64
1920.16,793.82,1.31,61.94,265.09
1838.69,786.82,1.25,143.71,265.09
1755.71,779.50,1.52,15.27,264.65
1674.32,770.57,1.32,3.02,263.67
1591.75,761.40,1.53,25.13,263.66
1508.66,752.18,1.36,108.73,263.66
1450.58,732.33,0.62,0.15,263.90
1416.85,745.11,1.46,19.47,263.50
1381.43,803.82,1.36,100.79,351.49
1379.73,814.74,1.53,89.76,174.46
1405.71,743.84,1.42,30.68,83.50
1433.20,797.70,1.26,19.58,353.31
1427.31,878.92,1.30,16.32,353.72
1418.99,959.23,0.00,0.09,82.45
1442.92,963.11,1.44,1.43,353.06
1502.82,991.31,1.26,235.42,84.06
1586.51,1000.03,1.43,151.28,84.06
1670.10,1008.73,1.45,67.23,84.06
1746.45,1024.91,1.46,3.73,84.03
1812.43,1041.15,1.50,124.02,84.09
1895.95,1049.80,1.53,40.04,84.09
1970.64,1047.00,1.25,2.15,84.31
2047.28,1045.61,1.44,55.38,83.75
2130.59,1054.73,1.38,139.19,83.75
2146.47,1057.12,1.44,155.24,263.75
2063.71,1048.05,1.25,71.98,263.75
1987.60,1047.00,1.34,3.19,354.04
1913.77,1052.28,1.50,22.07,264.09
1830.54,1043.67,1.35,105.74,264.09
1762.13,1027.25,1.47,4.09,263.62
1688.20,1026.16,1.52,248.15,263.72
1604.41,1016.94,1.47,163.85,263.72
1521.43,1007.80,1.51,80.37,263.72
1439.36,997.63,1.24,1.85,219.06
1424.57,990.68,0.00,1.68,262.41
1394.14,1020.25,1.49,18.67,354.08
1402.09,1086.31,1.30,84.59,353.81
1394.03,1169.75,1.53,0.81,359.72
1367.99,1236.73,1.32,0.55,280.09
1293.87,1258.28,1.40,7.74,354.64
1239.00,1283.76,1.29,49.90,263.72
1159.69,1278.27,1.28,128.25,263.73
1076.67,1269.15,1.39,44.74,263.73
993.90,1260.06,1.26,158.83,263.73
911.92,1251.05,1.53,76.36,263.73
828.25,1241.12,1.33,0.49,263.96
804.04,1268.69,1.50,86.35,353.46
794.66,1350.47,1.27,4.03,353.46
784.84,1433.60,1.54,46.01,353.30
776.11,1516.27,1.46,220.22,355.33
769.30,1599.56,1.38,136.64,355.33
762.52,1682.51,1.34,53.42,355.33
748.82,1762.97,1.37,39.31,353.07
722.45,1823.92,1.37,17.73,283.93
645.23,1854.40,1.25,101.26,298.98
624.85,1864.22,1.36,123.91,118.98
699.09,1830.41,1.31,42.06,109.42
739.28,1854.71,1.27,14.67,354.17
795.40,1887.38,1.34,30.69,78.47
876.89,1904.00,1.37,113.86,78.47
958.45,1920.64,1.37,197.10,78.47
1039.94,1937.27,1.25,280.27,78.47
1121.18,1953.72,1.35,46.80,78.61
1142.16,1877.80,1.36,76.66,165.32
1197.32,1827.73,1.30,32.30,123.35
1251.68,1772.13,1.44,50.66,161.57
1279.69,1694.68,1.35,0.47,157.10
1344.41,1728.86,1.44,1.08,138.50
1421.01,1701.16,1.31,15.02,110.08
1486.18,1712.32,1.36,2.83,102.66
1528.29,1666.75,1.29,3.31,201.16
1581.26,1627.94,1.43,23.65,107.42
1617.25,1579.70,1.50,3.69,196.52
1630.14,1546.27,1.53,11.96,276.64
1693.81,1538.46,1.49,4.89,174.91
1725.70,1489.84,1.32,0.86,174.88
1732.73,1406.44,1.40,73.36,175.52
1730.35,1333.39,1.32,2.41,208.97
1736.45,1251.95,1.26,32.98,174.99
1743.94,1169.71,1.29,110.68,174.61
1751.73,1087.18,1.33,27.77,174.61
1735.27,1050.09,1.51,4.27,174.08
1743.06,985.44,1.51,5.77,126.60
1757.43,905.38,1.26,73.78,174.57
1810.77,884.49,1.48,93.09,83.99
1890.89,892.92,0.78,12.53,83.99
1969.49,900.67,1.27,6.80,84.15
1980.48,817.32,1.50,76.63,173.77
1995.59,790.33,1.41,1.96,335.78
1975.04,861.31,1.27,32.44,353.77
1926.39,895.36,1.30,7.14,264.07
1844.34,886.74,1.49,59.47,263.99
1764.94,873.80,1.48,9.89,263.54
1752.58,953.57,1.28,25.32,354.21
1744.81,1024.74,1.37,2.08,84.03
1811.42,1041.05,1.48,125.03,84.09
1894.19,1049.61,1.47,41.82,84.09
1967.52,1046.62,1.47,1.10,34.49
2042.84,1045.12,1.35,50.91,83.75
2125.63,1054.19,1.50,134.20,83.75
2199.11,1063.41,1.29,3.62,34.61
2147.80,1057.26,1.25,156.57,263.75
2066.00,1048.30,1.47,74.29,263.75
1987.81,1045.07,1.39,1.05,354.04
1915.57,1052.47,1.31,20.26,264.09
1832.93,1043.92,1.35,103.34,264.09
1762.10,1027.25,1.43,4.06,263.62
1745.49,1071.66,1.52,133.85,354.51
1737.62,1154.88,1.38,50.25,354.61
1730.09,1236.50,1.49,94.11,354.99
1722.86,1319.06,1.46,11.23,355.01
1701.45,1395.64,1.36,2.27,354.93
1693.29,1479.27,1.25,39.72,354.40
1683.77,1558.82,1.28,41.51,357.46
1669.65,1636.64,1.48,52.88,289.33
1596.08,1672.45,1.53,28.58,290.16
1517.60,1700.75,1.54,29.02,291.39
1449.20,1699.08,1.41,1.71,226.53
1373.30,1719.96,1.33,66.28,290.08
1352.86,1769.28,1.25,9.53,338.48
1322.83,1845.53,1.42,55.51,338.50
1292.33,1922.95,1.44,63.76,338.50
1262.45,1998.79,1.45,121.76,338.50
1231.82,2076.56,1.53,38.17,338.50
1201.46,2153.65,1.47,7.73,338.49
1125.43,2146.39,1.50,25.37,255.13
1044.16,2124.91,1.38,21.25,255.25
964.24,2103.86,1.27,2.12,255.23
1017.30,2115.86,1.41,9.84,75.24
1098.83,2137.18,1.53,6.70,75.13
1179.83,2158.89,1.40,81.16,75.26
1220.12,2102.78,1.30,9.49,158.50
1250.52,2025.60,1.34,92.44,158.50
1280.46,1949.58,1.29,34.63,158.50
1310.71,1872.78,1.42,25.71,158.50
1341.12,1795.59,1.50,108.68,158.50
1347.64,1728.57,1.26,8.72,109.53
1424.38,1700.61,1.51,11.67,110.08
1489.84,1719.62,1.38,0.32,135.95
1566.78,1688.85,1.25,4.57,108.81
1644.94,1660.14,1.46,38.49,131.81
1703.79,1632.00,1.54,7.83,161.73
1782.47,1636.16,1.29,103.60,83.72
1866.72,1645.60,1.26,18.81,83.29
1908.29,1588.18,1.53,22.87,171.64
1964.10,1568.92,1.44,26.78,84.56
2047.01,1576.81,1.43,110.06,84.56
2115.01,1575.13,1.26,156.88,173.16
2124.86,1492.93,1.25,73.76,173.16
2143.13,1420.25,1.38,5.62,81.41
2172.96,1417.88,1.47,47.91,263.83
2129.52,1454.06,1.52,34.45,353.16
2119.69,1536.06,1.53,117.37,353.16
2102.77,1582.42,1.40,1.43,278.83
2021.28,1574.36,1.36,84.22,264.56
1938.16,1566.45,1.35,0.72,264.56
1902.52,1613.24,1.30,1.93,335.91
1841.97,1641.43,1.36,43.88,263.72
1760.21,1632.43,1.33,126.13,263.72
1692.72,1640.92,1.27,4.05,264.62
1622.74,1667.69,1.54,3.46,289.87
1543.79,1696.24,1.27,16.99,288.27
1471.25,1719.27,1.50,31.60,226.19
1400.83,1709.21,1.35,36.74,290.08
1328.26,1728.28,1.27,8.63,230.95
1260.94,1678.93,1.49,21.10,241.71
1187.30,1641.15,1.26,103.94,243.68
1112.66,1604.22,1.23,187.28,243.68
1054.57,1647.64,1.33,16.22,285.86
1040.57,1676.39,1.28,20.09,195.86
1088.21,1632.73,1.39,5.94,153.43
1145.07,1620.25,1.28,151.09,63.68
1220.38,1657.52,1.46,67.00,63.68
1292.36,1699.57,1.25,54.70,56.10
1356.87,1724.60,1.31,83.31,110.08
1434.23,1696.32,1.38,0.94,110.08
1394.80,1647.32,1.24,18.52,226.42
1341.13,1586.34,1.43,15.99,152.23
1352.23,1582.68,1.45,2.70,82.38
1409.36,1611.99,1.29,91.34,124.65
1481.56,1573.73,1.40,9.39,111.14
1555.01,1559.61,1.42,59.77,107.68
1636.62,1544.97,1.48,0.09,90.00
1576.53,1555.30,1.50,81.67,283.73
1496.20,1578.76,1.36,2.18,243.09
1430.47,1536.42,1.45,58.15,248.27
1367.17,1499.90,1.48,189.53,173.41
1376.84,1416.10,1.28,105.19,173.41
1384.77,1334.40,1.41,23.11,174.92
1379.70,1278.54,1.26,16.37,263.64
1341.05,1273.30,1.51,45.83,84.62
1379.25,1316.90,1.27,187.44,354.93
1371.61,1399.64,1.35,104.34,353.71
1361.96,1483.65,1.49,19.77,353.42
1351.35,1566.52,1.32,14.77,352.39
1382.02,1625.63,1.39,10.11,46.70
1441.83,1682.79,1.34,49.65,46.16
1501.39,1739.71,1.50,113.56,45.95
1560.43,1796.82,1.46,31.41,45.95
1620.64,1854.17,1.24,48.22,46.70
1665.15,1907.02,1.35,3.28,82.82
1728.58,1933.51,1.28,78.48,76.88
1811.03,1947.64,1.44,9.98,84.03
1893.08,1954.27,1.44,56.42,85.84
1975.71,1958.12,1.52,86.49,88.95
2057.53,1956.46,1.32,4.62,93.24
2068.05,2031.03,1.29,38.42,1.68
2084.68,2100.41,1.30,12.81,18.27
2111.82,2178.26,1.26,11.11,19.18
2212.24,2308.34,1.30,87.38,197.35
2187.40,2229.88,1.42,5.13,200.11
2122.42,2208.72,1.29,43.36,199.18
2095.23,2131.22,1.45,45.55,199.53
2069.04,2064.54,1.25,4.90,181.68
2066.57,1980.75,1.44,88.72,181.68
2005.02,1959.30,1.40,57.20,268.95
1921.49,1956.58,1.42,27.92,266.84
1838.16,1950.89,1.28,111.44,265.77
1764.80,1934.04,1.46,96.78,256.91
1689.08,1904.31,1.25,14.13,233.22
1667.43,1841.91,1.52,38.78,173.95
1676.10,1760.21,1.25,120.95,173.95
1684.84,1677.66,1.32,69.01,173.87
1680.13,1611.73,1.25,7.21,177.44
1621.20,1595.25,1.50,19.72,196.52
