x,y,speed,pos,angle
1472.91,2054.56,0.0,17.62,151.63
1511.28,1987.96,1.2,18.06,149.46
1528.74,1922.81,1.26,16.78,225.93
1488.15,1868.45,1.44,161.5,223.88
1432.39,1813.13,1.43,82.94,227.97
1372.84,1759.45,1.38,2.81,227.97
1380.35,1716.7,1.23,58.54,110.08
1439.79,1689.26,1.19,80.03,226.42
1384.16,1633.69,1.21,0.6,164.95
1357.83,1571.15,1.37,57.0,172.39
1368.0,1492.72,1.3,182.3,173.41
1377.08,1414.09,1.19,103.17,173.41
1384.82,1333.81,1.38,22.51,174.92
1420.05,1302.37,1.25,28.5,84.76
1498.59,1309.57,1.44,107.37,84.76
1568.85,1324.43,1.25,24.91,84.59
1649.09,1332.99,1.4,64.73,83.49
1708.94,1352.34,1.21,46.68,317.45
1686.7,1338.57,1.36,26.73,263.49
1608.85,1329.69,1.24,105.08,263.49
1529.26,1322.03,1.32,17.19,264.76
1448.58,1314.63,1.39,98.22,264.76
1388.7,1307.54,0.0,2.62,174.72
1395.67,1234.03,1.36,2.2,173.6
1402.98,1155.27,1.18,132.83,173.81
1411.63,1075.54,1.34,52.54,173.81
1417.19,1021.73,0.0,0.01,262.55
1396.86,995.24,1.36,3.93,171.12
1325.48,982.11,1.24,70.78,264.64
1246.21,974.67,1.26,150.39,264.64
1167.45,966.48,1.18,44.12,264.46
1087.79,958.76,1.33,124.15,264.46
1008.21,950.11,1.21,19.08,261.99
930.32,939.8,1.43,97.65,261.99
864.23,930.2,0.0,1.69,255.25
848.25,915.15,1.29,5.51,343.2
882.82,931.82,1.2,0.91,81.99
961.97,942.96,1.32,65.87,81.99
1040.91,953.57,1.2,171.31,84.46
1119.83,961.22,1.33,92.03,84.46
1199.75,968.97,1.18,11.73,84.46
1276.81,976.26,1.23,119.78,84.64
1355.6,983.65,1.44,40.64,84.64
1394.31,1019.62,1.39,17.57,91.07
1403.01,1083.83,1.46,87.15,353.81
1394.71,1162.44,1.19,8.12,359.72
1387.6,1240.22,1.27,35.78,353.55
1382.72,1297.52,1.29,1.27,83.54
1461.0,1306.13,1.29,69.63,84.76
1540.3,1313.39,1.43,149.26,84.76
1619.82,1321.28,1.18,16.6,83.5
1697.89,1330.17,1.43,95.17,83.65
1777.11,1334.07,1.18,44.07,84.17
1857.25,1342.61,1.22,124.42,83.47
1930.87,1361.98,0.02,4.56,85.16
1979.91,1395.37,1.35,26.42,85.28
2058.52,1401.87,1.43,105.66,85.28
2127.81,1405.31,1.29,1.86,178.39
2152.4,1336.37,1.32,60.27,174.01
2157.9,1297.74,1.21,3.78,263.9
2149.52,1376.0,1.21,20.56,354.01
2101.74,1406.72,1.44,149.32,265.28
2022.78,1400.2,1.44,69.73,265.28
1948.46,1381.46,1.41,6.53,229.56
1897.17,1348.46,1.26,164.64,263.47
1817.38,1339.47,1.34,84.57,264.17
1738.57,1334.09,1.28,5.58,271.45
1702.41,1384.88,1.22,12.89,354.93
1694.86,1463.23,1.31,55.79,354.4
1684.38,1538.2,1.19,2.89,268.39
1603.94,1534.26,1.29,17.81,270.46
1537.2,1554.96,1.42,4.27,289.59
1503.02,1601.95,1.35,1.38,334.94
1523.82,1653.01,1.47,3.87,20.6
1510.33,1710.47,1.24,29.92,291.39
1532.59,1758.31,1.39,55.86,45.95
1589.78,1814.14,1.35,1.73,46.42
1647.61,1868.16,1.19,75.84,46.7
1673.38,1883.35,1.2,0.36,83.92
1733.97,1926.22,1.43,64.82,76.95
1809.14,1942.49,1.23,4.98,352.28
1879.77,1953.94,1.26,69.72,85.84
1958.43,1958.09,1.35,0.72,88.95
2037.73,1958.22,1.25,24.47,93.24
2067.39,2008.68,1.19,60.78,1.68
2079.67,2076.65,1.36,1.67,10.64
2108.37,2141.51,1.23,14.94,101.7
2089.94,2118.21,1.45,31.44,199.53
2068.04,2052.55,1.26,16.91,181.68
2065.7,1972.82,1.25,96.67,181.68
2000.89,1959.87,1.38,61.31,268.95
1920.6,1957.17,1.28,28.78,266.84
1840.94,1951.74,1.29,108.61,265.77
1772.04,1935.68,1.32,104.2,262.25
1696.8,1910.89,1.45,24.3,233.22
1672.76,1870.53,1.36,118.71,173.95
1681.2,1790.9,1.21,38.64,173.95
1689.56,1712.16,1.36,68.87,173.95
1699.49,1640.9,1.19,23.38,84.08
1712.6,1564.87,1.34,18.45,171.99
1728.79,1493.84,1.22,36.29,254.98
1717.69,1540.37,1.46,13.76,342.89
1732.19,1596.24,1.31,0.74,284.83
1690.85,1641.39,1.39,5.86,264.62
1626.21,1667.12,1.46,0.01,289.91
1550.62,1695.33,1.34,10.22,288.27
1479.8,1722.37,1.21,7.06,225.85
1420.27,1702.79,1.42,16.27,290.08
1345.0,1730.13,1.26,1.64,318.5
1282.44,1693.26,1.34,4.77,236.34
1213.1,1654.63,1.25,74.81,243.68
1142.31,1619.6,1.23,153.86,243.68
1086.09,1632.68,1.33,5.04,333.43
1093.25,1703.76,1.4,60.82,15.85
1093.1,1696.21,1.4,53.52,195.85
1090.88,1627.34,1.23,5.92,154.0
1147.46,1621.44,1.24,148.42,63.68
1219.44,1656.34,1.45,68.36,63.68
1288.1,1695.94,1.44,60.27,56.1
1348.68,1727.52,1.4,7.39,109.53
1423.38,1700.29,1.24,12.5,110.08
1487.08,1711.46,1.41,3.89,102.66
1527.12,1668.79,1.43,2.83,246.54
1535.03,1682.28,1.41,7.69,21.31
1473.56,1721.69,1.33,34.71,256.02
1407.52,1707.45,1.34,29.85,290.08
1340.33,1738.28,1.44,24.38,42.56
1338.03,1806.92,1.29,97.0,338.5
1308.79,1881.15,1.39,17.22,338.5
1279.54,1955.41,1.45,28.87,338.5
1250.4,2029.4,1.45,88.86,338.5
1221.4,2103.02,1.19,9.73,338.5
1181.85,2161.4,1.43,83.76,255.26
1105.75,2141.16,1.18,5.01,255.11
1028.76,2120.86,1.23,5.33,255.25
951.27,2100.45,1.44,66.14,255.25
873.66,2080.02,1.24,18.92,255.25
795.87,2059.13,1.46,56.43,254.86
737.57,2039.7,1.28,5.12,264.54
741.14,2043.27,1.22,5.71,359.3
816.67,2062.77,1.23,77.44,74.86
892.91,2083.1,1.19,5.3,75.25
969.99,2103.39,1.45,7.56,75.23
1046.55,2123.56,1.33,23.22,75.25
1124.4,2144.12,1.26,23.79,75.13
1198.21,2158.38,1.38,2.13,158.49
1227.28,2084.59,1.24,29.04,158.5
1252.76,2019.9,1.0,98.57,158.5
1280.08,1952.29,1.3,31.97,158.5
1309.63,1877.29,1.27,21.12,158.5
1338.83,1803.15,1.39,100.8,158.5
1338.81,1736.21,1.46,2.59,132.59
1410.43,1705.7,1.24,26.51,110.08
1475.56,1721.3,1.2,36.61,113.02
1534.27,1772.4,1.37,67.19,45.95
1590.56,1814.24,1.26,1.72,152.38
1609.27,1764.17,1.37,35.15,124.38
1676.17,1720.63,1.26,17.77,105.43
1686.74,1750.41,1.28,0.12,264.29
1678.59,1827.66,1.26,75.47,353.95
1678.64,1895.71,1.46,0.56,53.22
1744.01,1928.55,1.21,75.18,76.91
1808.15,1940.52,1.27,1.3,65.11
1877.17,1953.75,1.4,72.33,85.84
1956.38,1958.04,1.25,2.78,88.09
2036.05,1958.32,1.35,26.16,93.24
2067.38,2008.2,1.28,61.26,1.68
2079.51,2075.82,1.36,0.83,10.64
2102.58,2151.91,1.33,6.15,19.5
2101.41,2152.44,1.22,6.26,199.5
2078.36,2076.66,1.4,1.44,190.64
2066.12,2008.78,1.4,60.72,181.68
2036.49,1958.93,1.27,25.75,273.24
1956.36,1958.68,1.38,2.77,268.09
1877.48,1954.42,1.3,71.97,265.84
1807.93,1946.58,1.15,0.76,172.28
1739.67,1928.2,1.3,70.85,256.95
1675.09,1888.21,1.46,6.43,186.59
1678.37,1823.68,1.31,71.53,173.95
1686.77,1744.52,1.43,101.34,173.95
1695.11,1665.91,1.22,22.31,173.94
1705.13,1598.74,1.32,53.41,173.27
1718.52,1521.31,1.26,0.2,168.19
1727.85,1441.93,1.32,41.9,173.66
1735.3,1363.75,1.28,1.97,185.34
1731.95,1296.02,1.28,77.27,174.99
1740.16,1216.19,1.28,1.1,143.7
1746.34,1137.44,1.43,78.32,174.61
1753.93,1058.94,1.37,2.34,174.51
1739.34,1000.97,1.19,0.1,179.95
1754.61,933.62,1.19,45.39,174.21
1765.09,856.05,1.28,15.89,173.49
1770.49,780.89,1.21,0.42,264.63
1727.45,789.75,1.23,14.7,84.68
1771.58,810.42,1.45,61.95,353.49
1759.84,886.77,1.34,92.54,354.57
1752.1,964.7,1.35,14.19,354.21
1738.26,1028.95,1.05,0.02,354.29
1753.18,1078.61,1.31,19.1,354.5
1745.7,1157.86,1.39,98.71,354.61
1738.32,1238.02,1.44,18.93,354.99
1731.45,1316.39,1.46,97.61,354.95
1735.14,1386.0,1.42,24.25,353.9
1726.53,1465.4,1.29,65.37,353.66
1714.71,1543.94,1.32,3.45,81.47
1790.36,1553.24,1.29,57.09,84.79
1869.97,1560.49,1.33,137.02,84.79
1906.51,1604.1,1.3,6.75,349.76
1971.85,1622.56,1.3,51.11,83.28
2051.12,1631.9,1.18,130.93,83.28
2103.46,1662.1,1.22,20.73,353.06
2094.62,1739.58,1.37,21.11,353.6
2086.09,1818.34,1.38,48.17,353.93
2084.86,1817.85,1.27,47.82,173.93
2093.48,1738.25,1.47,19.92,173.6
2102.58,1658.66,1.39,17.42,173.06
2046.97,1632.7,1.31,126.91,263.28
1967.63,1623.35,1.23,47.02,263.28
1905.98,1599.49,1.23,11.25,171.64
1866.89,1561.5,1.38,134.05,264.79
1787.49,1554.26,1.43,54.32,264.79
1713.71,1537.79,1.31,11.26,163.66
1725.87,1459.71,1.21,59.79,173.66
1734.39,1380.96,1.42,19.36,173.9
1730.79,1309.33,1.31,90.63,174.95
1737.72,1230.12,1.19,11.11,174.99
1745.03,1151.39,1.27,92.33,174.61
1752.51,1072.17,1.38,12.76,174.5
1737.25,1032.43,1.36,0.95,174.06
1796.46,1038.85,1.37,140.13,84.09
1874.99,1046.98,1.43,61.18,84.09
1947.43,1044.01,1.31,3.49,84.15
2011.93,1062.49,1.38,143.5,84.26
2090.23,1070.36,1.36,64.81,84.26
2163.83,1081.25,1.28,7.9,83.75
2156.9,1081.78,1.34,1.07,263.75
2083.46,1070.96,1.21,71.48,264.26
2004.32,1063.01,1.36,151.02,264.26
1941.85,1045.99,1.31,1.15,309.36
1869.0,1047.65,1.26,67.08,264.09
1789.91,1039.46,1.46,146.58,264.09
1738.11,1036.54,1.21,5.36,354.06
1742.5,1103.19,1.33,102.17,354.61
1734.95,1183.19,1.37,21.81,354.61
1727.8,1262.72,1.19,67.8,354.99
1716.8,1337.18,1.18,3.11,353.72
1699.64,1413.07,1.4,44.49,354.4
1692.1,1491.31,1.21,27.66,354.4
1683.47,1565.49,1.41,34.83,357.46
1640.97,1612.36,1.26,10.68,283.25
1565.12,1633.67,1.2,40.76,287.42
1509.46,1668.6,1.22,1.54,336.11
1494.43,1673.83,1.31,9.51,110.11
1547.71,1637.79,1.43,58.61,107.42
1623.17,1615.38,1.29,1.38,104.99
1681.41,1583.13,1.36,17.12,177.46
1688.93,1510.54,1.43,8.27,174.4
1696.72,1429.75,1.39,27.61,174.4
1707.7,1351.79,1.34,46.25,137.45
1649.3,1334.31,1.38,64.37,263.49
1569.54,1325.78,1.44,24.1,264.59
1541.84,1314.18,1.45,150.86,264.76
1462.34,1306.89,1.36,71.03,264.76
1389.94,1301.11,0.0,0.11,354.72
1382.01,1379.92,1.24,68.68,354.92
1373.09,1459.74,1.33,148.97,353.41
1390.26,1520.39,1.47,101.44,68.27
1464.47,1549.97,1.41,21.55,68.27
1494.33,1606.16,1.37,7.93,293.47
1518.24,1638.44,1.47,6.42,21.22
1515.88,1701.43,1.36,27.16,291.39
1449.88,1699.73,1.31,2.65,226.53
1376.66,1718.73,1.42,62.71,290.08
1355.27,1764.24,1.44,15.35,322.86
1326.29,1836.74,1.28,64.96,338.5
1296.91,1911.34,1.4,76.24,338.5
1266.55,1984.46,1.28,2.0,285.58
1239.22,2057.78,1.4,58.36,338.5
1210.14,2131.62,1.23,31.4,338.49
1152.65,2153.61,1.31,53.53,255.13
1080.22,2139.54,1.32,4.63,345.25
1004.46,2123.87,1.19,0.55,255.25
927.42,2103.43,1.42,28.61,255.25
850.43,2083.31,1.47,2.72,255.07
773.6,2062.4,1.41,72.96,254.86
716.29,2045.28,0.0,17.5,165.44
725.84,1973.68,1.46,4.11,174.12
733.93,1894.45,1.27,76.62,174.17
744.77,1817.55,1.26,3.68,98.63
752.37,1740.91,1.32,4.21,153.04
764.18,1662.2,1.23,73.79,175.33
770.68,1582.67,1.3,153.59,175.33
777.12,1503.86,1.37,232.67,175.33
785.85,1425.0,1.4,54.66,173.3
795.19,1345.86,1.42,8.67,173.46
804.29,1266.44,1.2,88.61,173.46
860.02,1245.35,1.36,24.15,83.73
939.28,1254.06,1.21,103.88,83.73
1018.63,1262.78,1.42,183.71,83.73
1098.42,1271.54,1.4,66.62,83.73
1177.35,1280.21,1.42,146.02,83.73
1189.61,1205.02,1.41,69.82,173.44
1195.34,1125.54,1.31,24.39,173.79
1198.12,1105.9,1.36,44.21,353.79
1216.96,1163.15,1.18,70.4,84.0
1289.39,1177.82,1.31,12.1,353.88
1328.47,1231.38,1.37,8.87,22.36
1377.94,1277.05,1.22,14.46,83.64
1386.48,1329.63,1.39,18.2,354.92
1378.96,1408.9,1.37,97.8,353.71
1369.85,1487.8,1.47,177.21,353.41
1416.89,1531.01,1.33,72.77,68.27
1489.34,1560.99,1.45,2.0,55.77
1496.27,1625.75,1.28,4.47,290.82
1519.2,1640.92,1.31,3.76,21.22
1592.57,1623.72,1.35,11.6,107.42
1616.82,1572.68,1.42,0.76,98.53
1620.54,1588.55,1.35,13.11,16.52
1576.82,1630.01,1.2,28.51,287.42
1515.18,1663.26,1.34,8.45,288.2
1539.25,1658.46,1.25,9.51,108.21
1509.68,1669.22,1.23,1.19,219.43
1563.39,1632.87,1.36,42.17,107.42
1623.18,1601.78,1.38,0.16,197.45
1605.5,1621.03,1.38,3.53,284.93
1530.31,1644.59,1.2,77.25,287.42
1517.06,1700.96,1.32,28.43,291.39
1450.81,1700.61,1.44,3.93,226.53
1380.21,1717.43,1.4,58.92,290.08
1313.89,1717.45,1.26,26.65,230.95
1269.23,1733.66,1.21,39.61,341.57
1278.56,1709.49,1.43,13.61,157.1
1229.31,1661.22,1.35,57.34,243.68
1158.89,1626.38,1.3,135.97,243.68
1086.24,1591.14,1.33,16.51,243.67
1015.21,1555.99,1.47,95.76,243.67
940.54,1534.34,1.29,48.23,268.91
858.92,1532.6,1.4,59.34,268.74
803.92,1508.56,1.44,131.68,173.51
812.84,1429.76,1.19,52.38,173.56
811.18,1358.18,1.25,6.1,263.63
801.18,1293.6,1.43,61.28,173.46
810.94,1214.48,1.43,3.72,173.81
818.77,1136.2,1.19,68.35,173.77
827.38,1057.34,1.19,147.68,173.77
835.9,979.18,1.43,226.31,173.77
797.17,940.06,1.43,9.11,174.18
735.46,917.54,1.39,9.98,264.56
685.52,882.99,1.22,105.13,263.59
688.39,883.32,1.23,108.02,83.59
738.58,917.2,1.23,13.05,84.56
797.52,943.01,1.38,6.21,354.18
836.02,984.01,1.26,221.51,353.77
827.43,1062.73,1.38,142.33,353.77
818.84,1141.45,1.39,63.14,353.77
810.94,1220.37,1.38,5.02,353.81
801.21,1298.95,1.42,55.96,353.46
792.06,1378.14,1.19,101.94,352.76
782.71,1457.18,1.24,22.34,353.3
775.05,1537.06,1.44,199.4,355.33
768.61,1615.85,1.47,120.35,355.33
762.17,1694.65,1.33,41.29,355.33
748.29,1772.69,1.46,29.59,353.07
701.81,1821.99,1.31,274.54,289.43
629.36,1853.68,1.44,195.4,299.0
563.76,1894.5,1.27,118.15,307.48
503.61,1945.85,1.28,39.16,312.88
502.6,1956.39,1.45,277.78,132.87
562.71,1904.18,1.33,197.98,127.75
630.33,1861.19,1.37,117.63,118.98
703.32,1828.92,1.43,37.56,109.42
739.15,1855.97,1.24,13.41,354.17
731.09,1934.93,1.2,36.06,354.17
723.03,2013.68,1.32,21.37,354.14
750.54,2045.12,1.26,9.03,76.25
827.66,2065.74,1.21,88.83,74.86
904.35,2086.11,1.33,17.12,75.25
966.57,2080.68,1.39,2.66,119.55
1006.79,2112.94,1.39,3.92,75.24
1084.0,2133.41,1.46,0.98,75.25
1161.32,2153.93,1.46,61.99,75.13
1212.12,2123.09,1.19,40.07,158.49
1241.63,2048.17,1.26,68.18,158.5
1270.53,1974.8,1.27,7.52,158.5
1299.91,1901.22,1.42,0.3,158.5
1328.36,1827.99,1.37,73.85,158.5
1356.39,1756.43,1.2,0.22,224.94
1384.78,1715.08,1.38,53.82,110.08
1455.38,1704.05,1.22,9.61,46.53
1522.49,1698.15,1.32,34.51,111.39
1536.53,1641.97,1.41,70.53,107.42
1612.13,1618.77,1.29,5.27,102.91
1618.6,1581.99,1.26,6.27,16.52
1583.43,1627.93,1.32,21.58,287.42
1526.62,1660.46,1.42,0.92,20.49
1493.2,1710.31,1.39,2.8,291.39
1431.14,1698.82,1.45,4.7,290.08
1360.76,1724.54,1.36,79.63,290.08
1300.27,1705.58,1.46,44.74,230.95
1233.31,1664.06,1.24,52.5,241.71
1161.31,1628.29,1.35,132.95,243.68
1095.62,1613.24,1.22,20.67,334.0
1034.73,1653.27,1.24,1.13,285.86
990.35,1599.19,1.3,9.37,253.82
995.26,1659.12,1.29,49.91,16.66
994.49,1700.0,1.27,5.17,154.49
985.53,1626.6,1.45,83.85,196.66
1017.08,1614.74,1.22,36.23,15.86
1069.82,1645.3,1.38,0.91,105.86
1122.02,1608.85,1.42,176.83,63.68
1194.52,1644.72,1.43,95.87,63.68
1264.87,1681.48,1.24,16.4,57.0
1328.19,1728.23,1.19,8.72,50.95
1397.94,1710.27,1.23,39.81,110.08
1466.38,1713.72,1.32,24.25,46.19
1536.28,1692.45,1.41,0.81,111.39
1610.1,1665.94,1.41,43.98,110.16
1677.56,1629.21,1.44,6.43,163.07
1682.91,1549.41,1.36,50.87,177.4
1692.1,1478.23,1.32,40.64,174.4
1699.69,1399.4,1.46,58.11,174.93
1720.94,1326.32,1.27,3.83,175.01
1727.88,1247.09,1.25,83.37,174.99
1735.1,1168.06,1.27,36.9,174.61
1742.7,1087.43,1.4,117.88,174.61
1736.37,1042.94,1.32,1.88,155.79
1748.58,981.34,1.38,12.65,126.6
1757.75,901.94,1.33,77.24,174.57
1769.45,823.43,1.42,48.79,173.49
1811.85,783.88,1.22,170.7,85.09
1879.72,790.35,1.24,102.53,265.09
1800.83,783.57,1.18,181.71,265.09
1720.81,775.73,1.46,16.79,263.66
1643.41,767.14,1.3,34.13,263.67
1563.55,758.27,1.45,53.5,263.66
1483.73,749.41,1.32,133.81,263.66
1436.78,772.69,1.41,44.83,353.31
1431.07,850.66,1.22,44.81,353.72
1422.09,928.76,1.27,12.12,352.98
1398.37,989.75,1.34,1.16,352.08
1407.66,1037.65,1.35,133.52,352.4
1398.63,1118.21,1.43,52.55,353.81
1391.75,1197.87,1.31,1.25,353.59
1343.37,1240.69,1.23,8.46,279.0
1291.92,1279.02,1.22,7.2,354.62
1222.67,1281.97,1.18,33.47,263.72
1153.11,1286.56,1.18,23.94,263.73
1075.01,1277.99,1.28,102.52,263.73
997.23,1269.44,1.46,23.51,263.73
936.86,1261.52,1.18,84.37,83.73
1015.94,1270.21,1.46,4.83,83.73
1015.51,1344.27,1.45,69.64,353.45
1006.01,1421.12,1.39,5.93,77.61
1077.72,1453.56,1.4,152.39,63.84
1148.87,1489.4,1.25,72.74,62.36
1220.61,1524.75,1.18,48.88,64.47
1292.38,1560.16,1.37,33.47,62.25
1358.67,1602.95,1.42,30.07,45.18
1410.18,1660.19,1.44,38.54,46.42
1420.19,1702.82,1.29,16.36,290.08
1346.45,1729.67,1.35,10.2,289.53
1399.2,1783.21,1.36,38.28,47.97
1458.84,1837.98,1.47,119.24,43.87
1511.23,1892.56,1.35,1.23,43.09
1567.36,1947.74,1.29,23.25,45.91
1624.14,2002.02,1.21,38.94,45.76
1649.51,1977.21,1.34,32.27,173.93
1662.16,1901.59,1.38,2.14,100.79
1632.61,1855.79,1.21,56.44,226.7
1573.95,1800.11,1.31,114.65,225.95
1517.03,1745.05,1.34,35.46,225.95
1528.97,1701.11,1.41,9.15,111.39
1515.51,1634.84,1.36,3.38,197.53
1500.72,1605.95,1.32,9.17,106.57
1465.58,1550.42,1.21,20.35,248.27
1391.71,1520.97,1.27,99.88,248.27
1327.67,1507.34,1.36,0.52,266.2
1247.9,1502.05,1.26,21.38,266.19
1187.66,1504.77,1.31,194.02,244.49
1118.28,1469.2,1.25,116.06,243.85
1047.53,1435.28,1.4,37.57,245.51
975.43,1406.15,1.26,158.49,251.2
898.9,1383.12,1.22,78.5,257.58
819.52,1370.55,1.42,2.89,219.82
868.15,1375.44,1.3,46.9,82.96
945.3,1394.54,1.34,126.27,71.2
1019.15,1420.94,1.44,5.81,65.51
1091.12,1454.43,1.24,85.18,63.85
1162.12,1490.57,1.33,164.82,62.35
1219.82,1501.18,1.46,50.33,173.89
1298.55,1504.13,1.39,29.79,86.2
1372.34,1507.74,1.22,2.34,84.29
1439.18,1539.89,1.46,48.78,68.27
1497.97,1583.39,1.31,16.49,18.08
1525.44,1657.32,1.31,3.33,20.6
1507.74,1669.31,1.21,2.89,156.11
1505.07,1606.86,1.26,1.08,200.26
1471.88,1539.34,1.34,21.72,220.73
1447.43,1479.53,1.35,15.71,177.82
1448.81,1459.96,1.27,35.32,357.82
1420.89,1513.68,1.42,39.57,263.69
1346.01,1510.01,1.31,9.57,264.56
1267.36,1503.34,1.34,1.87,266.19
1204.6,1512.85,1.45,212.79,244.49
1133.02,1476.77,1.32,132.64,242.35
1060.9,1441.37,1.24,52.28,245.51
989.72,1411.02,1.35,173.57,251.2
913.17,1386.26,1.24,93.09,257.58
833.94,1372.51,1.23,12.64,262.96
825.28,1304.56,1.23,39.77,173.52
832.6,1245.53,1.25,2.35,173.1
840.94,1166.87,1.46,194.24,173.51
849.98,1087.38,1.46,114.23,173.51
858.93,1008.69,1.24,35.04,173.51
851.68,971.58,1.29,4.06,263.09
847.75,912.38,1.3,8.03,163.2
851.56,899.28,0.0,0.01,354.44
834.51,955.84,1.32,22.52,354.08
860.13,1009.39,1.29,35.6,353.51
851.15,1088.39,1.41,115.1,353.51
842.2,1167.11,1.19,194.34,353.51
834.17,1243.28,0.02,4.15,353.1
827.79,1293.84,1.18,28.84,353.52
822.61,1369.82,1.24,1.08,82.96
900.98,1382.26,1.28,80.34,77.58
977.58,1405.53,1.45,160.32,71.2
1049.52,1434.78,1.33,39.18,65.51
1121.72,1469.46,1.38,119.26,63.85
1193.78,1506.27,1.26,200.19,64.49
1254.21,1501.18,1.28,15.13,86.19
1333.25,1507.29,1.45,4.76,72.52
1397.61,1523.32,1.21,93.53,68.27
1471.65,1552.83,1.37,13.82,68.27
1510.22,1616.74,1.26,0.29,20.61
1506.3,1670.95,1.34,1.23,288.38
1503.36,1670.56,1.32,1.07,110.11
1553.21,1636.74,1.34,53.05,107.42
1629.77,1614.34,1.22,4.39,103.25
1681.65,1577.81,1.28,22.44,177.46
1689.44,1505.39,1.44,13.42,174.4
1697.6,1427.32,1.28,30.11,174.4
1710.32,1349.89,1.37,49.36,137.45
1776.53,1334.66,1.31,43.54,84.17
1856.96,1343.22,1.47,124.21,83.47
1930.78,1362.61,0.0,4.53,85.16
1979.05,1395.94,1.22,25.61,85.28
2021.38,1400.08,1.19,68.32,265.28
1946.7,1379.97,1.19,4.25,229.56
1898.32,1348.7,1.43,165.92,255.41
1818.55,1339.59,1.21,85.74,264.17
1738.88,1334.08,1.41,5.89,271.45
1734.99,1261.31,1.32,42.43,174.99
1742.13,1182.08,1.34,123.16,174.61
1749.6,1102.95,1.37,43.68,174.61
1735.37,1057.24,1.23,11.84,268.42
1776.08,1035.33,1.21,2.35,82.75
1853.58,1044.77,1.45,82.71,84.09
1932.43,1052.93,1.33,3.44,84.09
1972.23,1047.81,1.31,0.19,264.31
1901.66,1051.03,1.35,34.24,264.09
1822.17,1042.8,1.31,114.16,264.09
1753.45,1026.12,1.29,3.24,264.44
1740.58,1055.47,1.36,6.69,88.42
1749.69,1122.38,1.27,63.01,354.61
1742.26,1201.2,1.38,142.18,354.61
1735.38,1278.88,1.32,59.89,354.99
1736.22,1352.77,0.2,0.11,2.86
1732.2,1427.56,1.32,27.18,355.52
1725.79,1505.51,1.23,10.34,356.19
1696.79,1550.94,1.47,2.25,85.45
1721.22,1577.47,1.32,21.43,356.47
1705.36,1622.62,1.43,2.47,345.87
1692.97,1692.06,1.38,48.53,353.95
1684.53,1771.62,1.37,19.12,353.95
1676.13,1850.85,1.18,98.79,353.95
1679.61,1896.43,1.42,1.77,53.22
1750.01,1929.94,1.29,81.37,76.91
1819.37,1949.14,1.4,1.51,85.77
1898.71,1955.32,1.39,50.73,85.84
1978.0,1958.81,1.37,84.19,88.95
2057.85,1957.08,1.26,4.34,93.24
2068.04,2030.65,1.3,38.8,1.68
2049.14,2083.92,1.27,2.56,268.18
1972.46,2072.64,1.2,184.46,266.11
1893.18,2062.04,1.28,104.44,261.8
1813.41,2050.54,1.27,23.85,261.78
1737.23,2047.25,1.33,63.58,264.2
1800.61,2048.05,1.39,10.83,81.84
1880.16,2059.52,1.37,91.2,81.8
1959.16,2070.9,1.4,171.02,81.8
2039.16,2077.89,1.27,251.4,54.08
2067.83,2045.19,1.4,24.27,181.68
2065.33,1965.75,1.29,3.7,182.38
1994.16,1959.74,1.38,68.03,268.95
1914.66,1956.84,1.31,34.72,266.84
1835.17,1951.31,1.35,114.38,265.77
1755.45,1941.07,1.27,50.73,256.93
1682.92,1910.9,1.34,129.58,233.22
1644.64,1878.55,1.2,14.04,226.7
1586.04,1823.33,1.46,94.56,226.7
1528.53,1767.74,1.24,74.56,225.95
1471.14,1712.53,1.2,7.91,226.93
1414.11,1657.95,1.31,86.86,226.16
1356.97,1603.07,1.18,31.19,225.18
1353.96,1537.33,1.31,44.05,172.39
1363.48,1459.32,1.26,44.12,173.42
1372.27,1381.08,1.38,122.88,174.93
1378.19,1306.53,0.0,4.33,173.72
1387.56,1232.4,1.21,3.59,173.34
1394.24,1152.79,1.3,17.73,173.81
1402.97,1072.3,1.45,98.6,173.81
1393.94,1016.0,1.39,2.67,174.08
1346.19,984.05,1.26,49.98,264.64
1013.39,950.19,1.21,13.94,81.99
1092.78,958.6,1.25,119.2,84.46
1172.23,966.3,1.29,39.38,84.46
1250.66,973.8,1.21,146.04,84.64
1329.91,981.24,1.28,66.44,84.64
1397.38,1000.21,1.22,4.28,351.12
1411.01,1019.47,0.01,0.01,82.55
1414.45,1055.5,1.35,32.3,353.81
1405.89,1134.37,1.47,111.71,353.81
1398.96,1213.77,1.41,8.74,353.55
1390.06,1292.5,1.31,10.9,353.55
1382.65,1372.71,1.42,61.45,354.92
1373.94,1452.43,1.29,141.61,353.41
1382.69,1517.37,1.39,109.59,68.27
1456.52,1546.8,1.25,30.11,68.27
1504.55,1601.74,1.36,1.37,19.84
1549.67,1637.18,1.25,56.56,107.42
1615.61,1634.21,1.3,1.19,107.43
1617.17,1581.67,1.29,5.56,196.52
1664.05,1545.12,1.46,12.79,89.51
1690.34,1546.62,1.26,39.09,269.51
1611.45,1548.6,1.18,4.18,277.92
1534.08,1567.62,1.41,37.4,287.68
1469.71,1552.06,1.3,15.9,248.27
1395.47,1522.47,1.46,95.83,248.27
1330.83,1507.87,1.41,6.89,252.52
1250.67,1502.23,1.3,18.6,266.19
1189.02,1505.41,1.25,195.52,244.49
1118.06,1469.09,1.29,115.82,243.85
1046.67,1434.89,1.27,36.64,245.51
974.01,1405.67,1.29,156.99,251.2
896.76,1382.64,1.36,76.31,257.58
818.81,1369.7,1.26,1.78,219.82
798.44,1311.87,1.24,42.81,173.46
807.47,1233.08,1.2,23.72,173.46
815.04,1164.52,1.2,39.79,173.77
823.77,1084.48,1.26,120.3,173.77
832.49,1004.59,1.41,200.67,173.77
834.03,948.02,1.45,0.41,174.08
849.66,905.55,0.0,1.68,174.44
881.38,874.38,1.45,188.1,162.13
905.92,798.32,1.4,108.18,162.12
930.15,723.23,1.25,29.28,162.12
988.31,698.21,1.25,148.91,83.78
1068.34,707.12,1.44,68.54,83.59
1147.08,715.88,1.36,95.93,84.38
1227.37,723.79,1.35,15.25,84.38
1306.24,731.82,1.27,84.7,83.88
1384.69,740.23,1.2,5.8,83.88
1444.65,748.17,1.45,5.6,83.3
1521.03,752.26,1.4,96.42,83.66
1599.18,760.94,1.26,17.79,83.66
1679.24,769.47,1.39,9.56,83.67
1758.43,778.47,1.39,12.65,84.65
1794.07,731.49,1.47,6.16,150.15
1801.97,687.93,1.18,20.06,354.0
1787.6,765.85,1.2,30.85,347.57
1769.67,832.83,1.33,39.47,353.49
1758.2,910.76,1.27,68.5,354.57
1743.57,986.65,1.36,5.45,306.6
1737.17,1044.18,0.77,0.75,354.08
1742.9,1098.94,1.36,106.44,354.61
1735.76,1174.62,1.07,30.42,354.61
1728.87,1250.45,1.42,80.11,354.99
1722.26,1325.96,1.3,4.31,355.01
1647.94,1325.13,1.25,44.97,263.5
1569.06,1316.73,1.3,7.26,264.59
1612.43,1328.81,1.42,101.62,83.49
1692.21,1337.91,1.43,21.33,83.67
1701.49,1395.16,1.25,2.75,354.93
1693.71,1474.9,1.38,44.1,354.4
1684.18,1549.8,1.26,50.53,357.4
1678.5,1629.15,1.4,6.01,340.32
1684.68,1691.31,1.44,55.42,353.95
1658.11,1751.15,1.3,1.75,240.71
1679.48,1722.17,1.45,24.18,173.95
1687.8,1642.47,1.28,0.44,173.96
1629.34,1667.09,1.37,55.38,289.91
1554.29,1694.12,1.37,6.35,288.27
1515.49,1637.04,1.44,2.22,247.26
1482.77,1642.9,1.29,12.18,114.32
1498.8,1589.97,1.2,10.0,200.52
1444.11,1541.86,1.43,43.47,248.27
1377.33,1508.51,1.21,1.79,247.37
1374.38,1437.4,1.46,126.63,173.41
1382.69,1357.81,1.4,46.6,174.92
1388.39,1302.23,1.31,1.15,174.72
1396.54,1223.82,1.32,18.99,173.55
1403.54,1144.15,1.37,121.7,173.81
1412.05,1065.78,1.2,42.78,173.81
1417.12,1022.36,0.0,0.02,262.55
1398.62,982.52,1.24,3.31,173.52
1421.24,942.66,0.0,4.55,82.4
1430.66,945.04,0.0,2.86,262.4
1401.18,971.44,1.28,4.59,353.22
1335.67,983.06,1.21,60.54,264.64
1257.31,975.71,1.47,139.24,264.64
1178.25,967.53,1.42,33.27,264.46
1097.46,959.7,1.37,114.44,264.46
1018.92,951.62,1.27,8.26,261.99
940.68,940.61,1.31,87.27,261.99
874.03,949.01,1.42,3.09,251.09
855.91,970.8,0.0,23.41,263.09
845.2,966.47,1.27,7.97,231.67
868.19,947.18,1.29,7.78,71.09
934.51,939.09,1.46,93.6,81.99
1013.94,950.27,1.22,13.39,81.99
987.63,962.72,1.21,0.48,308.66
1017.64,945.54,1.4,6.51,84.47
1091.05,958.43,1.2,120.94,84.46
1170.74,966.16,1.43,40.88,84.46
1250.08,973.75,1.47,146.62,84.64
1330.18,981.26,1.33,66.17,84.64
1397.31,1000.81,1.36,3.66,353.11
1405.23,1063.33,1.36,107.76,353.81
1396.62,1142.64,1.32,28.07,353.81
1389.63,1222.27,1.39,8.81,353.57
1380.17,1300.25,1.21,0.01,353.72
1374.66,1368.56,1.25,135.56,354.93
1365.96,1449.02,1.24,54.64,353.42
1356.63,1527.04,1.46,54.61,352.39
1351.43,1595.25,1.22,1.72,45.18
1408.3,1650.6,1.18,96.15,46.16
1465.84,1705.82,1.21,16.37,46.93
1522.95,1760.57,1.44,83.55,45.95
1579.78,1815.55,1.38,4.48,45.95
1638.4,1870.91,1.38,23.82,46.7
1683.41,1909.66,1.19,129.92,53.22
1756.76,1940.06,1.47,49.69,76.93
1835.4,1950.04,1.19,114.25,85.77
1913.74,1955.51,1.18,35.71,86.84
1992.8,1958.44,1.3,69.42,88.95
2066.72,1965.11,1.21,0.35,2.38
2069.08,2044.19,1.26,25.23,1.68
2039.1,2079.43,1.35,252.25,234.08
1960.52,2072.39,1.22,172.58,261.8
1881.99,2061.07,1.35,93.23,261.8
1804.11,2049.85,1.31,14.55,261.84
1733.47,2046.22,1.38,59.73,84.2
1809.58,2049.34,1.35,19.88,81.84
1888.77,2060.76,1.21,99.9,81.8
1967.43,2071.66,1.35,179.37,86.11
2044.64,2081.86,1.44,258.16,54.08
2067.6,2037.37,1.33,32.09,181.68
2064.74,1958.22,1.2,1.44,235.59
1985.22,1959.58,1.26,76.97,268.95
1904.9,1956.3,1.3,44.5,266.84
1825.01,1950.56,1.27,124.57,265.77
1756.73,1932.82,1.34,88.6,256.91
1685.07,1902.12,1.25,9.58,233.22
1663.24,1875.32,1.41,5.12,173.95
1671.66,1796.0,1.35,84.89,173.95
1680.06,1716.68,1.37,29.69,173.95
1693.07,1640.59,1.35,5.47,96.81
1653.39,1609.44,1.3,23.44,283.25
1586.54,1626.95,1.33,18.32,287.42
1515.9,1635.93,1.45,2.25,200.86
1490.45,1562.4,1.33,0.14,198.27
1479.01,1518.95,1.24,16.34,83.34
1444.84,1516.33,1.26,2.76,263.49
1366.68,1507.09,1.38,1.14,236.46
1291.35,1504.93,1.31,36.92,266.2
1220.35,1508.28,1.37,57.33,353.89
1155.25,1488.41,1.43,157.74,242.35
1084.21,1452.47,1.24,78.11,243.85
1011.64,1418.92,1.46,3.84,195.5
938.45,1393.56,1.34,119.48,251.2
861.86,1375.96,1.47,40.74,262.96
794.34,1356.74,1.33,2.13,219.77
802.33,1277.95,1.4,76.95,173.46
814.21,1207.69,1.23,0.75,263.03
818.78,1130.22,1.25,74.29,173.77
827.45,1050.79,1.21,154.2,173.77
836.07,971.71,1.3,233.75,173.77
854.39,943.1,0.0,22.3,75.18
913.5,936.14,1.23,114.82,81.99
993.58,947.41,1.38,33.95,81.99
1071.98,956.58,1.36,140.1,84.46
1151.3,964.27,1.31,60.4,84.46
1229.38,971.81,1.43,167.41,84.64
1309.5,979.32,1.25,86.94,84.64
1389.74,986.85,1.34,6.35,84.64
1412.05,987.72,0.0,0.01,82.41
1477.68,1001.7,1.32,36.22,83.72
1557.57,1010.49,1.34,116.59,83.72
1636.45,1019.18,1.42,195.95,83.72
1715.17,1027.85,1.28,275.14,83.72
1784.21,1026.89,1.44,15.68,83.71
1767.54,1027.85,1.22,3.85,263.76
1740.86,987.88,1.37,2.55,126.6
1757.26,913.82,1.42,65.36,174.21
1798.37,883.19,1.45,105.56,83.99
1804.72,883.85,1.2,99.17,263.99
1758.34,909.26,1.22,70.0,354.57
1744.49,985.97,1.34,6.6,306.6
1736.45,1051.18,1.32,3.31,354.08
1740.81,1121.12,1.33,84.16,354.61
1733.32,1200.46,1.43,4.47,354.61
1726.27,1280.18,1.36,50.27,354.99
1707.83,1353.55,1.36,45.06,317.45
1697.86,1431.19,1.41,26.28,354.4
1690.27,1509.99,1.37,8.95,354.4
1682.67,1583.7,1.27,16.61,357.46
1689.53,1645.73,1.42,101.27,353.96
1681.21,1724.1,1.2,22.43,353.95
1648.32,1738.24,1.18,82.03,304.38
1582.5,1783.27,1.37,2.27,304.38
1614.14,1836.62,1.27,29.85,46.7
1664.71,1882.41,0.0,2.4,83.81
1720.14,1921.01,1.44,49.78,65.24
1796.06,1937.66,1.29,128.39,82.24
1823.29,1904.78,1.4,54.65,353.34
1785.46,1945.9,1.24,20.5,262.24
1708.3,1926.12,1.22,100.08,245.25
1661.78,1907.24,1.45,2.84,262.82
1621.22,1856.48,1.25,46.22,226.7
1563.91,1801.97,1.29,25.33,225.95
1506.67,1746.6,1.24,104.97,225.95
1450.54,1692.94,1.32,36.33,226.16
1392.83,1637.85,1.45,116.15,227.82
1335.95,1584.54,1.31,3.67,242.22
1266.17,1547.53,1.34,4.14,244.51
1194.67,1513.79,1.22,20.85,244.48
1124.09,1477.87,1.25,100.04,242.36
1052.16,1443.02,1.21,180.0,245.51
979.05,1412.79,1.44,24.36,251.2
902.46,1389.14,1.44,104.67,257.59
825.23,1376.59,1.35,183.06,262.96
797.58,1325.0,1.33,29.67,173.46
806.65,1245.92,1.26,10.87,173.46
815.37,1167.41,1.46,36.95,173.77
824.07,1087.65,1.28,117.19,173.77
832.71,1008.41,1.32,196.9,173.77
797.38,964.41,1.32,5.53,263.86
795.59,962.06,1.38,10.41,354.22
833.86,1003.82,1.47,201.59,353.77
825.21,1083.09,1.46,121.84,353.77
816.51,1162.85,1.46,41.61,353.77
807.89,1240.71,1.4,16.19,353.46
798.7,1320.85,1.39,33.92,353.46
827.4,1370.41,1.38,5.91,82.96
905.45,1383.25,1.26,84.92,77.58
981.37,1406.82,1.31,164.32,71.2
1052.48,1436.13,1.2,42.44,65.51
1124.94,1471.09,1.23,122.86,62.35
1196.21,1507.43,1.45,202.88,64.49
1257.98,1501.44,1.46,11.36,86.19
1338.49,1508.33,1.26,17.19,87.22
1399.41,1524.04,1.43,91.59,68.27
1473.55,1553.59,1.3,11.77,68.27
1492.49,1609.54,1.27,1.96,23.66
1520.31,1643.78,1.35,0.69,21.22
1519.86,1706.74,1.22,19.68,291.39
1525.81,1751.76,1.41,46.44,45.95
1583.28,1807.36,1.22,126.39,45.95
1641.85,1862.73,1.45,67.92,46.7
1690.79,1904.79,1.26,15.79,53.22
1763.3,1933.03,1.36,95.08,76.91
1831.89,1950.43,1.34,117.72,85.77
1910.24,1955.96,1.34,39.19,86.84
1989.76,1959.02,1.37,72.45,88.95
2065.92,1961.18,1.21,4.31,2.38
2068.36,2041.71,1.29,27.74,1.68
2111.01,2069.58,1.45,123.06,97.92
2190.35,2058.54,1.28,42.96,97.92
2246.93,2087.03,1.24,32.95,17.84
2241.2,2130.35,1.31,15.42,108.62
2242.59,2077.73,1.2,22.77,197.84
2180.76,2061.17,1.44,52.82,277.92
2102.23,2072.19,1.19,7.6,278.58
2066.82,2032.86,1.45,36.63,181.68
2060.93,1957.57,1.37,1.29,272.93
1981.49,1959.51,1.4,80.69,268.95
1901.84,1956.13,1.25,47.57,266.84
1821.78,1950.32,1.4,127.81,265.77
1742.9,1938.15,1.35,63.56,256.93
1671.96,1902.42,1.42,0.89,253.33
1652.54,1954.76,1.41,54.91,353.93
1641.21,2029.75,1.34,0.05,315.7
1583.75,1985.78,1.31,4.49,330.7
1542.1,2053.47,1.21,6.0,330.71
1503.27,2122.67,1.36,85.36,330.71
1454.23,2176.89,1.31,165.15,241.51
1394.73,2176.91,1.36,34.28,332.36
1336.52,2201.65,1.27,6.52,255.06
1260.19,2181.48,1.46,57.99,255.15
1183.62,2161.21,1.35,85.42,255.26
1107.03,2140.83,1.25,6.16,255.11
1029.48,2120.39,1.29,5.91,255.25
952.34,2100.07,1.3,67.08,255.25
875.28,2079.78,1.47,20.42,255.25
798.05,2059.06,1.34,58.51,254.86
737.52,2039.06,1.39,5.02,264.54
725.35,1976.85,1.34,1.48,249.75
726.24,1969.83,1.43,0.85,174.17
734.36,1890.2,1.26,80.89,174.17
790.86,1886.45,1.39,26.06,78.47
868.24,1902.24,1.44,105.03,78.47
947.12,1918.33,1.3,185.54,78.47
1024.1,1934.04,1.33,264.1,78.47
1103.38,1950.13,1.27,28.64,78.61
1137.29,1899.48,1.24,54.47,169.55
1175.43,1842.13,1.4,6.11,123.35
1234.85,1794.46,1.23,20.7,117.31
1267.43,1724.88,1.21,100.47,161.57
1317.0,1718.33,1.21,23.68,50.95
1383.0,1715.05,1.2,55.49,110.08
1436.72,1687.22,1.45,76.41,226.42
1383.32,1631.15,1.24,7.27,226.19
1439.81,1583.82,1.38,51.35,117.51
1461.92,1549.65,1.28,24.04,248.27
1388.18,1520.25,1.46,103.43,248.27
1327.74,1507.35,1.41,0.46,266.2
1248.92,1502.11,1.28,20.35,266.19
1192.02,1512.52,1.29,23.79,244.48
1120.85,1476.18,1.2,103.69,242.36
1050.15,1442.1,1.26,182.21,245.51
976.42,1411.89,1.19,27.14,251.2
900.23,1388.65,1.43,106.96,257.59
821.4,1376.12,1.35,186.91,262.96
809.82,1445.08,1.46,67.94,173.56
829.27,1375.8,1.24,179.14,82.96
908.0,1389.05,1.28,99.28,77.59
983.14,1412.83,1.31,20.47,71.2
1056.45,1443.56,1.36,175.87,65.51
1129.27,1479.14,1.42,94.86,62.36
1199.84,1514.83,1.2,15.74,64.48
1270.32,1548.56,1.3,58.39,62.25
1340.61,1585.15,1.46,16.27,62.22
1398.41,1641.18,1.38,109.79,47.82
1455.39,1695.82,1.46,30.84,46.16
1513.78,1751.69,1.26,96.32,45.95
1570.96,1807.01,1.44,16.76,45.95
1628.0,1861.11,1.32,38.11,46.7
1670.69,1900.91,1.32,0.48,84.08
1742.05,1936.64,1.47,64.72,76.93
1820.95,1948.98,1.35,128.74,85.77
1898.97,1954.69,1.2,50.51,86.84
1977.0,1958.15,1.25,85.21,88.95
2056.86,1956.5,1.33,5.3,93.24
2068.61,2028.17,1.19,41.26,1.68
2083.82,2095.77,1.26,8.1,18.27
2123.29,2145.98,1.43,0.09,107.53
2109.7,2201.37,1.4,15.51,19.18
2067.53,2206.19,1.46,12.17,2.58
2107.88,2196.14,1.42,21.05,199.18
2081.36,2120.81,1.23,20.76,199.51
2067.76,2042.8,1.19,26.66,181.68
2065.37,1963.32,1.25,2.2,182.38
1991.13,1959.69,1.43,71.06,268.95
1910.51,1956.61,1.19,38.88,266.84
1831.36,1951.03,1.44,118.21,265.77
1762.4,1934.14,1.25,94.44,256.91
1689.31,1905.29,1.25,14.9,233.22
1663.22,1875.52,1.44,4.92,173.95
1671.61,1796.4,1.4,84.48,173.95
1656.8,1745.33,1.21,3.96,175.62
1675.16,1781.19,1.35,99.98,353.95
1666.89,1859.14,1.2,21.6,353.95
1691.91,1905.63,1.3,17.2,53.22
1765.14,1933.45,1.31,97.03,82.25
1833.64,1950.56,1.29,115.96,85.77
1912.29,1956.07,1.03,37.13,86.84
1984.32,1958.28,1.25,77.89,88.95
2062.44,1955.85,1.47,4.19,92.93
2068.78,2034.0,1.43,35.43,1.68
2085.67,2101.36,1.39,14.02,18.27
2123.4,2154.17,1.26,5.96,18.39
2089.25,2114.26,1.26,27.47,198.27
2068.61,2050.19,1.41,19.25,181.68
2066.3,1971.54,1.23,97.93,181.68
2000.28,1959.21,1.45,61.93,268.95
1921.14,1956.56,1.19,28.27,266.84
1841.23,1951.12,1.27,108.36,265.77
1761.72,1941.86,1.38,44.47,256.93
1686.61,1912.86,1.35,125.47,233.22
1643.57,1876.66,1.29,16.11,226.7
1585.65,1821.58,1.46,1.19,226.7
1527.57,1765.93,1.34,76.51,225.95
1468.49,1716.63,1.35,27.78,226.19
1400.42,1709.36,1.34,37.17,290.08
1330.67,1730.24,1.27,5.51,230.95
1266.57,1683.34,1.37,13.96,237.0
1196.55,1646.44,1.31,93.29,243.68
1125.14,1611.11,1.28,173.02,243.68
1073.56,1643.39,1.22,2.41,331.34
1073.54,1648.43,1.27,76.71,195.85
1122.27,1608.26,1.27,176.86,63.68
1193.57,1643.54,1.47,97.25,63.68
1264.63,1680.56,1.31,17.11,57.0
1328.68,1727.8,1.28,8.61,50.95
1398.41,1709.42,1.19,39.08,110.08
1465.5,1712.87,1.24,23.03,46.19
1533.96,1692.97,1.41,47.08,111.39
1609.09,1666.31,1.26,42.9,110.16
1677.38,1629.8,1.39,5.81,163.07
1682.87,1550.26,1.39,50.02,177.4
1692.39,1475.24,1.32,43.63,174.4
1700.09,1396.52,1.38,1.29,174.93
1721.13,1324.25,1.36,5.91,175.01
1728.04,1245.26,1.41,85.2,174.99
1735.19,1167.04,1.25,37.92,174.61
1742.68,1087.69,1.36,117.62,174.61
1738.13,1023.99,1.41,1.27,174.03
1752.61,953.34,1.33,25.55,174.21
1762.5,874.68,1.3,7.14,148.46
1839.08,887.47,1.22,64.63,83.99
1917.91,891.9,1.39,4.83,83.99
1840.3,885.67,1.34,63.6,263.99
1763.0,873.88,1.39,8.08,328.46
1752.62,953.25,1.4,25.64,354.21
1738.97,1012.07,1.35,1.32,359.95
1745.33,1066.65,1.22,138.81,354.51
1737.95,1144.63,1.28,60.48,354.61
1730.59,1223.52,1.39,107.09,354.99
1723.64,1302.85,1.4,27.45,354.99
1702.58,1375.68,1.42,21.9,354.93
1694.82,1455.65,1.28,1.65,354.4
1688.25,1534.88,1.26,4.45,357.82
1681.22,1601.81,1.26,3.93,357.35
1636.82,1656.88,1.3,13.45,289.92
1563.11,1684.15,1.43,5.14,288.85
1487.87,1711.94,1.25,4.56,282.66
1425.33,1700.26,1.2,10.66,290.08
1351.13,1727.33,1.37,5.01,289.53
1288.61,1697.05,1.37,59.23,236.1
1219.02,1656.84,1.47,68.51,243.68
1148.09,1621.75,1.34,147.71,243.68
1105.68,1606.18,1.23,2.31,153.81
1173.96,1635.26,1.34,118.52,63.68
1244.29,1670.69,1.35,39.68,61.71
1310.02,1714.32,1.22,31.64,50.95
1351.52,1770.92,1.23,7.52,338.48
1322.15,1845.5,1.47,55.28,338.5
1293.0,1919.5,1.22,67.22,338.5
1264.09,1992.68,1.46,2.01,0.24
1234.95,2066.88,1.36,48.32,338.5
1205.76,2140.98,1.47,21.09,338.49
1143.97,2150.65,1.31,44.38,255.13
1073.59,2141.26,1.31,2.1,255.25
1001.44,2130.06,1.39,4.64,345.36
1062.14,2136.92,1.4,14.27,75.25
1138.64,2157.17,1.31,50.76,75.13
1213.53,2177.05,1.36,64.08,75.15
1289.84,2197.31,1.46,39.7,75.09
1367.83,2218.06,1.27,4.5,75.1
1409.03,2166.16,1.31,6.08,152.36
1475.94,2170.09,1.47,140.09,150.71
1515.15,2100.19,1.39,59.94,150.71
1556.32,2033.35,1.29,59.4,150.7
1600.88,1990.98,1.24,53.55,45.76
1645.2,2010.35,1.37,7.96,173.93
1653.79,1930.94,1.45,78.73,173.93
1671.99,1901.09,1.42,1.24,73.33
1742.67,1936.78,1.24,64.09,76.93
1821.35,1949.0,1.34,128.34,85.77
1900.75,1954.79,1.45,48.73,86.84
1979.87,1958.2,1.42,82.33,88.95
2059.31,1956.37,1.31,2.84,92.93
2068.74,2032.65,1.25,36.78,1.68
2079.4,2110.95,1.41,30.68,18.29
2105.48,2185.35,1.25,32.03,19.18
2068.44,2217.49,1.36,1.09,283.71
1996.46,2220.95,1.28,63.39,266.6
1917.25,2216.24,1.44,142.74,266.6
1861.87,2240.17,1.27,24.71,354.78
1857.11,2277.25,1.27,62.07,170.52
1879.11,2212.69,1.19,181.02,86.6
1959.14,2217.45,1.23,100.85,86.6
2038.58,2222.17,1.36,21.28,86.6
2109.92,2218.06,1.42,40.26,86.61
2091.11,2148.71,1.44,0.71,199.54
2068.9,2072.1,1.4,4.8,190.72
2066.97,1994.23,1.47,75.23,181.68
2021.37,1959.15,1.33,40.84,273.24
1940.57,1957.63,1.38,8.81,266.84
1862.14,1952.66,1.42,87.4,265.84
1782.25,1944.82,1.46,23.82,262.26
1704.89,1923.84,1.45,104.12,245.25
1655.87,1887.75,1.4,15.29,226.7
1598.03,1833.74,1.24,78.69,226.7
1541.33,1779.24,1.39,57.36,225.95
1485.06,1724.3,1.29,1.95,225.95
1422.52,1701.29,1.21,13.64,290.08
1348.11,1728.4,1.45,8.22,289.53
1286.74,1695.8,1.18,61.49,236.1
1218.36,1656.51,1.31,69.26,243.68
1146.66,1621.04,1.34,149.31,243.68
1074.97,1585.57,1.33,29.08,243.67
1093.83,1594.18,1.22,8.36,63.67
1165.31,1629.55,1.31,128.8,63.68
1236.15,1664.86,1.24,49.61,61.71
1302.8,1706.81,1.27,41.99,50.95
1365.91,1721.29,1.47,73.68,110.08
1438.96,1697.58,1.19,1.05,84.37
1502.82,1705.17,1.46,13.64,111.39
1577.78,1677.81,1.38,9.55,110.16
1650.22,1645.97,1.19,30.97,131.79
1681.36,1584.21,1.33,16.04,177.46
1688.99,1509.97,1.31,8.84,174.4
1696.51,1431.81,1.42,25.53,174.4
1707.19,1352.35,1.19,45.51,137.45
1724.99,1280.04,1.43,50.3,174.99
1731.98,1201.13,1.36,3.68,174.61
1739.47,1121.64,1.4,83.52,174.61
1734.8,1054.6,0.01,14.62,174.08
1732.42,1021.49,1.44,4.05,83.9
1672.05,1009.57,1.34,65.21,264.06
1593.59,1001.41,1.29,144.09,264.06
1514.78,993.2,1.36,223.33,264.06
1439.58,991.59,1.31,2.26,308.74
1402.95,988.8,1.32,7.36,263.81
1408.74,1029.57,1.19,141.66,352.55
1399.64,1108.93,1.3,61.86,353.81
1393.01,1186.68,1.43,12.51,353.59
1355.22,1238.81,1.34,20.46,279.0
1293.11,1266.38,1.33,15.87,354.64
1235.5,1283.38,1.32,46.38,263.72
1159.96,1278.3,1.26,128.53,263.73
1081.56,1270.33,1.3,49.73,263.73
1026.75,1291.27,1.43,16.09,353.45
1017.72,1369.88,1.31,95.22,353.45
1040.52,1430.68,1.37,29.3,65.51
1112.48,1464.92,1.3,108.97,63.85
1184.59,1501.88,1.21,190.01,64.49
1250.4,1538.97,1.29,15.88,64.47
1321.23,1575.35,1.44,0.87,62.25
1382.78,1626.74,1.29,6.8,37.36
1434.88,1683.71,1.19,72.65,46.42
1387.84,1714.64,1.26,50.8,290.08
1367.58,1754.3,1.3,6.19,47.38
1427.63,1807.99,1.31,75.97,47.97
1485.09,1864.35,1.19,156.42,43.88
1507.81,1921.92,1.47,11.51,319.44
1509.53,1917.94,1.36,7.38,139.44
1482.95,1863.97,1.22,154.67,223.88
1426.35,1808.55,1.36,75.39,227.97
1367.54,1756.0,1.21,7.31,227.38
1308.5,1702.36,1.28,22.0,230.95
1241.62,1659.81,1.4,143.72,241.72
1170.19,1624.11,1.22,63.9,243.67
1098.79,1588.78,1.47,110.87,243.67
1028.79,1554.15,1.45,32.76,243.67
953.63,1526.9,1.34,25.64,268.94
873.13,1525.23,1.39,68.89,268.74
802.07,1513.5,1.3,136.8,173.51
811.06,1434.12,1.21,56.92,173.56
819.79,1355.04,1.44,90.55,173.89
828.51,1276.14,1.42,11.17,173.52
834.64,1222.35,1.21,10.3,173.5
843.55,1143.96,1.2,171.18,173.51
852.6,1064.35,1.32,91.06,173.51
861.57,985.45,1.4,11.65,173.51
860.46,946.03,0.01,0.02,255.18
840.94,942.24,1.39,3.39,261.81
841.01,939.17,0.96,0.15,342.47
849.57,969.39,0.01,0.01,83.09
857.11,1036.01,1.19,62.4,353.51
848.11,1115.17,1.46,142.06,353.51
839.11,1194.31,1.35,221.71,353.51
834.16,1243.32,0.0,4.19,353.1
825.0,1318.45,1.22,53.61,353.89
846.56,1372.78,1.29,25.18,82.96
924.83,1387.58,1.19,104.68,71.2
999.15,1412.88,1.22,183.08,70.84
1070.7,1444.43,1.31,62.46,65.51
1141.17,1479.59,1.26,141.17,62.35
1212.95,1515.42,1.25,221.43,64.49
1276.33,1502.66,1.44,52.05,86.2
1354.15,1511.43,1.24,1.32,84.56
1418.86,1531.79,1.37,70.65,68.27
1491.53,1564.52,1.33,1.64,18.27
1517.84,1637.4,1.34,0.19,21.22
1488.28,1674.74,1.26,1.02,81.24
1495.19,1668.3,1.34,7.42,110.72
1549.15,1637.34,1.2,57.11,107.42
1625.42,1614.78,1.25,0.07,104.99
1681.54,1580.15,1.47,20.1,177.46
1689.36,1506.11,1.27,12.7,174.4
1697.07,1426.12,1.29,31.26,174.4
1710.72,1348.51,1.31,50.63,137.45
1773.82,1338.89,1.47,132.65,84.18
1853.4,1347.32,1.4,52.63,83.47
1902.61,1355.2,1.43,2.63,250.2
1823.57,1345.25,1.33,82.5,264.18
1743.78,1339.08,1.42,162.71,271.43
1702.48,1376.8,1.26,20.8,354.93
1694.76,1456.3,1.37,0.99,354.4
1688.21,1536.06,1.36,3.27,357.82
1610.02,1533.21,1.22,5.86,270.46
1543.69,1551.82,1.43,1.46,282.52
1502.09,1595.1,1.4,4.04,20.52
1522.19,1660.95,1.46,1.07,288.2
1543.17,1639.22,1.24,63.37,107.42
1619.86,1616.19,1.4,2.02,105.29
1681.23,1587.2,1.22,13.05,177.46
1688.71,1512.8,1.43,6.0,174.4
1696.42,1432.73,1.24,24.62,174.4
1707.02,1352.54,1.47,45.26,137.45
1725.16,1278.18,1.33,52.16,174.99
1732.06,1200.24,1.36,4.57,174.61
1739.58,1120.57,1.28,84.59,174.61
1734.82,1054.43,0.17,14.79,174.08
1762.34,1025.99,1.25,4.15,83.62
1828.03,1042.12,1.3,108.39,84.09
1906.78,1050.27,1.39,29.22,84.09
1978.26,1047.11,1.37,1.12,84.35
2046.51,1065.96,1.31,108.75,84.26
2124.21,1073.77,1.43,30.66,84.26
2194.99,1083.69,1.3,2.52,122.33
2166.73,1082.86,1.35,10.96,263.75
2092.22,1071.84,1.32,62.68,264.26
2013.21,1063.91,1.25,142.08,264.26
1947.11,1045.26,1.28,3.3,264.15
1873.58,1048.12,1.36,62.47,264.09
1794.21,1039.91,1.22,142.27,264.09
1738.23,1035.4,1.4,6.5,354.06
1754.72,1069.29,1.25,9.69,354.5
1747.28,1147.93,1.21,88.68,354.61
1739.89,1227.45,1.46,8.27,354.99
1732.92,1306.98,1.21,88.11,354.99
1778.17,1339.33,1.34,128.27,84.18
1856.61,1347.69,1.3,49.39,83.47
1927.39,1373.62,1.46,9.16,15.46
1968.96,1398.97,1.32,157.69,71.22
2048.43,1406.18,1.26,77.64,85.27
2129.18,1413.17,1.28,1.79,53.78
2128.19,1470.54,1.44,51.03,353.16
2118.8,1548.88,1.32,130.26,353.16
2087.35,1581.3,1.34,150.64,264.56
2008.87,1573.82,1.32,71.81,264.56
1933.8,1562.67,1.19,1.42,310.19
1901.07,1617.54,1.44,25.73,338.18
1840.38,1641.89,1.31,45.41,263.72
1760.44,1633.09,1.4,125.83,263.72
1695.46,1641.3,1.39,1.21,83.28
1633.47,1664.91,1.38,50.75,289.91
1558.3,1692.12,1.37,1.92,288.27
1487.12,1722.44,1.38,4.23,315.95
1422.37,1702.02,1.46,14.04,290.08
1347.25,1729.38,1.39,9.36,289.53
1343.27,1793.64,1.37,111.27,338.5
1313.66,1868.79,1.38,30.5,338.5
1284.44,1942.98,1.25,42.22,338.5
1255.46,2016.55,1.29,102.67,338.5
1226.16,2090.95,1.33,22.71,338.5
1194.63,2163.65,1.34,4.86,273.39
1117.82,2144.36,1.46,17.5,255.11
1068.0,2172.42,1.2,0.98,315.0
1011.38,2229.04,1.39,64.48,315.0
950.73,2274.65,1.36,177.46,255.05
873.67,2254.06,1.18,97.69,255.05
796.58,2233.48,1.47,17.9,255.05
773.51,2220.56,1.44,3.33,346.69
845.76,2246.61,1.4,68.8,75.05
921.92,2266.95,1.33,147.63,75.05
989.69,2249.82,1.45,34.46,135.0
1046.0,2193.51,1.38,114.09,135.0
1088.78,2136.0,1.2,6.26,75.25
1165.4,2155.67,1.24,66.39,75.13
1213.54,2119.48,1.2,43.95,158.49
1242.43,2046.13,1.2,70.38,158.5
1270.96,1973.72,1.42,8.69,158.5
1300.42,1899.91,1.2,1.7,158.62
1328.86,1826.72,1.44,75.21,158.5
1354.24,1754.28,1.43,3.25,224.94
1388.44,1713.74,1.28,49.93,110.08
1458.35,1706.9,1.38,13.73,46.19
1524.44,1697.39,1.31,36.61,111.39
1599.26,1670.6,1.33,32.2,110.16
1669.57,1635.99,1.41,53.01,109.33
1683.03,1561.08,1.35,39.22,177.46
1691.79,1487.99,1.39,30.92,174.4
1699.46,1408.3,1.31,49.22,174.4
1716.64,1332.81,1.2,1.04,173.72
1727.67,1256.83,1.25,73.65,174.99
1734.85,1177.43,1.45,27.54,174.61
1742.39,1097.5,1.36,107.82,174.61
1737.39,1031.6,0.99,1.79,204.59
1751.28,980.67,0.0,15.58,83.54
1816.21,987.6,1.34,142.04,84.09
1895.34,995.79,1.31,62.48,84.09
1966.78,1001.96,1.26,5.17,84.26
1976.07,924.81,1.29,7.34,174.28
1987.65,845.78,1.27,199.46,173.65
2037.16,812.49,1.31,120.09,84.2
2116.51,820.56,1.34,40.32,84.2
2154.65,862.44,1.47,23.51,354.17
2151.53,893.18,1.43,51.73,174.19
2156.03,818.34,1.24,1.07,263.63
2077.42,809.56,1.47,80.16,263.63
1998.57,800.77,1.32,48.64,263.64
1921.86,793.97,1.42,60.23,265.09
1842.43,787.15,1.3,139.95,265.09
1763.54,780.24,1.45,7.4,264.65
1684.86,771.37,1.26,3.76,263.73
1605.56,762.94,1.42,11.23,263.66
1525.08,754.0,1.33,92.2,263.66
1450.08,750.1,1.23,8.18,263.3
1397.88,743.08,1.24,1.8,263.5
1319.43,734.52,1.38,71.3,263.88
1240.06,726.33,1.43,2.38,264.38
1159.6,718.4,1.19,83.23,264.38
1079.6,709.68,1.46,57.08,263.59
1000.87,700.87,1.28,136.16,263.78
935.11,712.01,1.43,17.08,342.14
910.73,787.58,1.27,96.48,342.12
886.34,863.18,1.4,175.91,342.13
863.68,897.66,1.31,14.97,269.72
858.34,927.32,0.09,0.01,75.25
935.06,939.17,1.39,93.04,81.99
1014.46,950.35,1.32,12.86,81.99
1093.59,958.68,1.37,118.38,84.46
1171.88,966.27,1.38,39.73,84.46
1250.14,973.76,1.35,146.57,84.64
1329.25,981.18,1.47,67.11,84.64
1397.63,998.63,1.19,0.69,351.12
1326.78,989.85,1.38,62.79,263.99
1376.42,993.79,1.24,13.01,83.99
1411.02,1019.47,0.0,0.0,82.55
1414.13,1058.42,1.43,35.23,353.81
1405.57,1137.35,1.37,114.71,353.81
1398.78,1215.39,1.3,10.36,353.55
1389.78,1294.99,1.25,13.41,353.55
1463.75,1306.38,1.29,72.39,84.76
1543.39,1313.68,1.37,152.35,84.76
1622.55,1321.6,1.38,19.35,83.5
1700.25,1330.43,1.29,97.54,83.65
1736.66,1371.77,1.22,10.05,353.9
1728.22,1450.2,1.22,50.08,353.66
1717.79,1528.56,1.44,1.25,343.33
1777.13,1552.03,1.41,43.8,84.79
1855.77,1559.2,1.23,122.77,84.79
1908.82,1589.01,1.34,22.12,351.64
1958.05,1620.93,1.35,37.21,83.28
2035.51,1630.06,1.45,115.21,83.28
2095.08,1656.73,1.36,15.88,353.06
2093.9,1655.89,1.18,16.57,173.06
2034.64,1631.24,1.35,114.49,263.28
1955.71,1621.94,1.27,35.01,263.28
1907.83,1586.97,1.39,24.01,171.64
1854.64,1560.38,1.26,121.75,264.79
1775.14,1553.13,1.42,41.92,264.79
1716.32,1528.98,1.37,2.07,163.33
1726.91,1450.39,1.18,50.42,173.66
1735.65,1369.2,1.36,7.62,173.9
1731.65,1299.51,1.38,80.77,174.99
1738.54,1220.86,1.31,1.82,174.99
1745.94,1141.71,1.44,82.61,174.61
1753.47,1062.21,1.44,2.76,174.51
1737.9,1026.26,1.23,2.46,173.8
1751.79,961.4,1.36,17.45,174.21
1759.7,881.44,1.22,97.84,174.57
1832.44,886.77,1.32,71.3,83.99
1911.44,894.44,1.33,1.33,84.0
1973.08,879.31,1.33,14.4,173.77
1984.78,801.4,1.22,0.84,143.65
2060.81,807.7,1.29,96.88,83.63
2069.01,808.62,1.28,88.63,263.63
1991.06,802.49,1.4,0.66,250.66
1912.76,793.19,1.26,69.37,265.09
1833.42,786.37,1.45,149.0,265.09
1754.4,779.38,1.2,16.58,264.65
1675.35,770.69,1.36,1.99,263.67
1596.3,761.91,1.34,20.55,263.66
1517.33,753.14,1.27,100.01,263.66
1450.14,750.11,0.0,8.12,263.3
1408.88,744.2,1.44,27.49,263.5
1330.47,735.7,1.33,60.2,263.88
1252.19,727.53,1.18,18.89,264.35
1173.28,719.75,1.21,69.47,264.38
1094.09,711.31,1.46,42.52,263.59
1014.58,702.38,1.38,122.39,263.62
939.45,693.61,0.05,9.78,251.88
879.89,673.28,1.29,52.07,252.24
939.96,692.43,1.42,9.66,71.88
1019.67,701.66,1.39,117.42,83.62
1097.57,710.41,1.18,39.17,83.59
1177.94,718.92,1.22,64.92,84.38
1256.74,726.69,1.35,14.45,84.39
1335.04,734.91,1.25,55.74,83.88
1413.94,743.49,1.22,22.54,83.5
1433.96,802.25,1.47,15.15,353.31
1428.52,879.7,1.38,15.68,353.72
1404.79,943.89,1.34,14.72,352.15
1395.63,1012.06,1.27,6.76,354.08
1415.42,1047.29,1.33,24.0,352.39
1406.87,1125.4,1.23,102.68,353.81
1399.59,1205.03,1.4,4.98,353.55
1391.01,1284.08,1.24,2.42,353.55
1383.56,1362.41,1.25,51.1,354.92
1375.25,1441.09,1.29,130.19,353.41
1378.76,1510.92,1.35,1.63,354.45
1447.01,1543.01,1.42,40.35,68.27
1500.84,1591.76,1.46,7.61,20.52
1537.27,1641.07,1.41,69.55,107.42
1610.13,1628.41,1.34,5.32,21.42
1537.27,1641.07,1.41,69.55,107.42
1500.84,1591.76,1.46,7.61,20.52
1447.01,1543.01,1.42,40.35,68.27
1378.76,1510.92,1.35,1.63,354.45
1375.25,1441.09,1.29,130.19,353.41
1383.56,1362.41,1.25,51.1,354.92
1391.01,1284.08,1.24,2.42,353.55
1399.59,1205.03,1.4,4.98,353.55
1406.87,1125.4,1.23,102.68,353.81
1415.42,1047.29,1.33,24.0,352.39
1395.63,1012.06,1.27,6.76,354.08
1404.79,943.89,1.34,14.72,352.15
1428.52,879.7,1.38,15.68,353.72
1433.96,802.25,1.47,15.15,353.31
1413.94,743.49,1.22,22.54,83.5
1335.04,734.91,1.25,55.74,83.88
1256.74,726.69,1.35,14.45,84.39
1177.94,718.92,1.22,64.92,84.38
1097.57,710.41,1.18,39.17,83.59
1019.67,701.66,1.39,117.42,83.62
939.96,692.43,1.42,9.66,71.88
879.89,673.28,1.29,52.07,252.24
939.45,693.61,0.05,9.78,251.88
1014.58,702.38,1.38,122.39,263.62
1094.09,711.31,1.46,42.52,263.59
1173.28,719.75,1.21,69.47,264.38
1252.19,727.53,1.18,18.89,264.35
1330.47,735.7,1.33,60.2,263.88
1408.88,744.2,1.44,27.49,263.5
1450.14,750.11,0.0,8.12,263.3
1517.33,753.14,1.27,100.01,263.66
1596.3,761.91,1.34,20.55,263.66
1675.35,770.69,1.36,1.99,263.67
1754.4,779.38,1.2,16.58,264.65
1833.42,786.37,1.45,149.0,265.09
1912.76,793.19,1.26,69.37,265.09
1991.06,802.49,1.4,0.66,250.66
2069.01,808.62,1.28,88.63,263.63
2060.81,807.7,1.29,96.88,83.63
1984.78,801.4,1.22,0.84,143.65
1973.08,879.31,1.33,14.4,173.77
1911.44,894.44,1.33,1.33,84.0
1832.44,886.77,1.32,71.3,83.99
1759.7,881.44,1.22,97.84,174.57
1751.79,961.4,1.36,17.45,174.21
1737.9,1026.26,1.23,2.46,173.8
1753.47,1062.21,1.44,2.76,174.51
1745.94,1141.71,1.44,82.61,174.61
1738.54,1220.86,1.31,1.82,174.99
1731.65,1299.51,1.38,80.77,174.99
1735.65,1369.2,1.36,7.62,173.9
1726.91,1450.39,1.18,50.42,173.66
1716.32,1528.98,1.37,2.07,163.33
1775.14,1553.13,1.42,41.92,264.79
1854.64,1560.38,1.26,121.75,264.79
1907.83,1586.97,1.39,24.01,171.64
1955.71,1621.94,1.27,35.01,263.28
2034.64,1631.24,1.35,114.49,263.28
2093.9,1655.89,1.18,16.57,173.06
2095.08,1656.73,1.36,15.88,353.06
2035.51,1630.06,1.45,115.21,83.28
1958.05,1620.93,1.35,37.21,83.28
1908.82,1589.01,1.34,22.12,351.64
1855.77,1559.2,1.23,122.77,84.79
1777.13,1552.03,1.41,43.8,84.79
1717.79,1528.56,1.44,1.25,343.33
1728.22,1450.2,1.22,50.08,353.66
1736.66,1371.77,1.22,10.05,353.9
1700.25,1330.43,1.29,97.54,83.65
1622.55,1321.6,1.38,19.35,83.5
1543.39,1313.68,1.37,152.35,84.76
1463.75,1306.38,1.29,72.39,84.76
1389.78,1294.99,1.25,13.41,353.55
1398.78,1215.39,1.3,10.36,353.55
1405.57,1137.35,1.37,114.71,353.81
1414.13,1058.42,1.43,35.23,353.81
1411.02,1019.47,0.0,0.0,82.55
1376.42,993.79,1.24,13.01,83.99
1326.78,989.85,1.38,62.79,263.99
1397.63,998.63,1.19,0.69,351.12
1329.25,981.18,1.47,67.11,84.64
1250.14,973.76,1.35,146.57,84.64
1171.88,966.27,1.38,39.73,84.46
1093.59,958.68,1.37,118.38,84.46
1014.46,950.35,1.32,12.86,81.99
935.06,939.17,1.39,93.04,81.99
858.34,927.32,0.09,0.01,75.25
863.68,897.66,1.31,14.97,269.72
886.34,863.18,1.4,175.91,342.13
910.73,787.58,1.27,96.48,342.12
935.11,712.01,1.43,17.08,342.14
1000.87,700.87,1.28,136.16,263.78
1079.6,709.68,1.46,57.08,263.59
1159.6,718.4,1.19,83.23,264.38
1240.06,726.33,1.43,2.38,264.38
1319.43,734.52,1.38,71.3,263.88
1397.88,743.08,1.24,1.8,263.5
1450.08,750.1,1.23,8.18,263.3
1525.08,754.0,1.33,92.2,263.66
1605.56,762.94,1.42,11.23,263.66
1684.86,771.37,1.26,3.76,263.73
1763.54,780.24,1.45,7.4,264.65
1842.43,787.15,1.3,139.95,265.09
1921.86,793.97,1.42,60.23,265.09
1998.57,800.77,1.32,48.64,263.64
2077.42,809.56,1.47,80.16,263.63
2156.03,818.34,1.24,1.07,263.63
2151.53,893.18,1.43,51.73,174.19
2154.65,862.44,1.47,23.51,354.17
2116.51,820.56,1.34,40.32,84.2
2037.16,812.49,1.31,120.09,84.2
1987.65,845.78,1.27,199.46,173.65
1976.07,924.81,1.29,7.34,174.28
1966.78,1001.96,1.26,5.17,84.26
1895.34,995.79,1.31,62.48,84.09
1816.21,987.6,1.34,142.04,84.09
1751.28,980.67,0.0,15.58,83.54
1737.39,1031.6,0.99,1.79,204.59
1742.39,1097.5,1.36,107.82,174.61
1734.85,1177.43,1.45,27.54,174.61
1727.67,1256.83,1.25,73.65,174.99
1716.64,1332.81,1.2,1.04,173.72
1699.46,1408.3,1.31,49.22,174.4
1691.79,1487.99,1.39,30.92,174.4
1683.03,1561.08,1.35,39.22,177.46
1669.57,1635.99,1.41,53.01,109.33
1599.26,1670.6,1.33,32.2,110.16
1524.44,1697.39,1.31,36.61,111.39
1458.35,1706.9,1.38,13.73,46.19
1388.44,1713.74,1.28,49.93,110.08
1354.24,1754.28,1.43,3.25,224.94
1328.86,1826.72,1.44,75.21,158.5
1300.42,1899.91,1.2,1.7,158.62
1270.96,1973.72,1.42,8.69,158.5
1242.43,2046.13,1.2,70.38,158.5
1213.54,2119.48,1.2,43.95,158.49
1165.4,2155.67,1.24,66.39,75.13
1088.78,2136.0,1.2,6.26,75.25
1046.0,2193.51,1.38,114.09,135.0
989.69,2249.82,1.45,34.46,135.0
921.92,2266.95,1.33,147.63,75.05
845.76,2246.61,1.4,68.8,75.05
773.51,2220.56,1.44,3.33,346.69
796.58,2233.48,1.47,17.9,255.05
873.67,2254.06,1.18,97.69,255.05
950.73,2274.65,1.36,177.46,255.05
1011.38,2229.04,1.39,64.48,315.0
1068.0,2172.42,1.2,0.98,315.0
1117.82,2144.36,1.46,17.5,255.11
1194.63,2163.65,1.34,4.86,273.39
1226.16,2090.95,1.33,22.71,338.5
1255.46,2016.55,1.29,102.67,338.5
1284.44,1942.98,1.25,42.22,338.5
1313.66,1868.79,1.38,30.5,338.5
1343.27,1793.64,1.37,111.27,338.5
1347.25,1729.38,1.39,9.36,289.53
1422.37,1702.02,1.46,14.04,290.08
1487.12,1722.44,1.38,4.23,315.95
1558.3,1692.12,1.37,1.92,288.27
1633.47,1664.91,1.38,50.75,289.91
1695.46,1641.3,1.39,1.21,83.28
1760.44,1633.09,1.4,125.83,263.72
1840.38,1641.89,1.31,45.41,263.72
1901.07,1617.54,1.44,25.73,338.18
1933.8,1562.67,1.19,1.42,310.19
2008.87,1573.82,1.32,71.81,264.56
2087.35,1581.3,1.34,150.64,264.56
2118.8,1548.88,1.32,130.26,353.16
2128.19,1470.54,1.44,51.03,353.16
2129.18,1413.17,1.28,1.79,53.78
2048.43,1406.18,1.26,77.64,85.27
1968.96,1398.97,1.32,157.69,71.22
1927.39,1373.62,1.46,9.16,15.46
1856.61,1347.69,1.3,49.39,83.47
1778.17,1339.33,1.34,128.27,84.18
1732.92,1306.98,1.21,88.11,354.99
1739.89,1227.45,1.46,8.27,354.99
1747.28,1147.93,1.21,88.68,354.61
1754.72,1069.29,1.25,9.69,354.5
1738.23,1035.4,1.4,6.5,354.06
1794.21,1039.91,1.22,142.27,264.09
1873.58,1048.12,1.36,62.47,264.09
1947.11,1045.26,1.28,3.3,264.15
2013.21,1063.91,1.25,142.08,264.26
2092.22,1071.84,1.32,62.68,264.26
2166.73,1082.86,1.35,10.96,263.75
2194.99,1083.69,1.3,2.52,122.33
2124.21,1073.77,1.43,30.66,84.26
2046.51,1065.96,1.31,108.75,84.26
1978.26,1047.11,1.37,1.12,84.35
1906.78,1050.27,1.39,29.22,84.09
1828.03,1042.12,1.3,108.39,84.09
1762.34,1025.99,1.25,4.15,83.62
1734.82,1054.43,0.17,14.79,174.08
1739.58,1120.57,1.28,84.59,174.61
1732.06,1200.24,1.36,4.57,174.61
1725.16,1278.18,1.33,52.16,174.99
1707.02,1352.54,1.47,45.26,137.45
1696.42,1432.73,1.24,24.62,174.4
1688.71,1512.8,1.43,6.0,174.4
1681.23,1587.2,1.22,13.05,177.46
1619.86,1616.19,1.4,2.02,105.29
1543.17,1639.22,1.24,63.37,107.42
1522.19,1660.95,1.46,1.07,288.2
1502.09,1595.1,1.4,4.04,20.52
1543.69,1551.82,1.43,1.46,282.52
1610.02,1533.21,1.22,5.86,270.46
1688.21,1536.06,1.36,3.27,357.82
1694.76,1456.3,1.37,0.99,354.4
1702.48,1376.8,1.26,20.8,354.93
1743.78,1339.08,1.42,162.71,271.43
1823.57,1345.25,1.33,82.5,264.18
1902.61,1355.2,1.43,2.63,250.2
1853.4,1347.32,1.4,52.63,83.47
1773.82,1338.89,1.47,132.65,84.18
1710.72,1348.51,1.31,50.63,137.45
1697.07,1426.12,1.29,31.26,174.4
1689.36,1506.11,1.27,12.7,174.4
1681.54,1580.15,1.47,20.1,177.46
1625.42,1614.78,1.25,0.07,104.99
1549.15,1637.34,1.2,57.11,107.42
1495.19,1668.3,1.34,7.42,110.72
1488.28,1674.74,1.26,1.02,81.24
1517.84,1637.4,1.34,0.19,21.22
1491.53,1564.52,1.33,1.64,18.27
1418.86,1531.79,1.37,70.65,68.27
1354.15,1511.43,1.24,1.32,84.56
1276.33,1502.66,1.44,52.05,86.2
1212.95,1515.42,1.25,221.43,64.49
1141.17,1479.59,1.26,141.17,62.35
1070.7,1444.43,1.31,62.46,65.51
999.15,1412.88,1.22,183.08,70.84
924.83,1387.58,1.19,104.68,71.2
846.56,1372.78,1.29,25.18,82.96
825.0,1318.45,1.22,53.61,353.89
834.16,1243.32,0.0,4.19,353.1
839.11,1194.31,1.35,221.71,353.51
848.11,1115.17,1.46,142.06,353.51
857.11,1036.01,1.19,62.4,353.51
849.57,969.39,0.01,0.01,83.09
841.01,939.17,0.96,0.15,342.47
840.94,942.24,1.39,3.39,261.81
860.46,946.03,0.01,0.02,255.18
861.57,985.45,1.4,11.65,173.51
852.6,1064.35,1.32,91.06,173.51
843.55,1143.96,1.2,171.18,173.51
834.64,1222.35,1.21,10.3,173.5
828.51,1276.14,1.42,11.17,173.52
819.79,1355.04,1.44,90.55,173.89
811.06,1434.12,1.21,56.92,173.56
802.07,1513.5,1.3,136.8,173.51
873.13,1525.23,1.39,68.89,268.74
953.63,1526.9,1.34,25.64,268.94
1028.79,1554.15,1.45,32.76,243.67
1098.79,1588.78,1.47,110.87,243.67
1170.19,1624.11,1.22,63.9,243.67
1241.62,1659.81,1.4,143.72,241.72
1308.5,1702.36,1.28,22.0,230.95
1367.54,1756.0,1.21,7.31,227.38
1426.35,1808.55,1.36,75.39,227.97
1482.95,1863.97,1.22,154.67,223.88
1509.53,1917.94,1.36,7.38,139.44
1507.81,1921.92,1.47,11.51,319.44
1485.09,1864.35,1.19,156.42,43.88
1427.63,1807.99,1.31,75.97,47.97
1367.58,1754.3,1.3,6.19,47.38
1387.84,1714.64,1.26,50.8,290.08
1434.88,1683.71,1.19,72.65,46.42
1382.78,1626.74,1.29,6.8,37.36
1321.23,1575.35,1.44,0.87,62.25
1250.4,1538.97,1.29,15.88,64.47
1184.59,1501.88,1.21,190.01,64.49
1112.48,1464.92,1.3,108.97,63.85
1040.52,1430.68,1.37,29.3,65.51
1017.72,1369.88,1.31,95.22,353.45
1026.75,1291.27,1.43,16.09,353.45
1081.56,1270.33,1.3,49.73,263.73
1159.96,1278.3,1.26,128.53,263.73
1235.5,1283.38,1.32,46.38,263.72
1293.11,1266.38,1.33,15.87,354.64
1355.22,1238.81,1.34,20.46,279.0
1393.01,1186.68,1.43,12.51,353.59
1399.64,1108.93,1.3,61.86,353.81
1408.74,1029.57,1.19,141.66,352.55
1402.95,988.8,1.32,7.36,263.81
1439.58,991.59,1.31,2.26,308.74
1514.78,993.2,1.36,223.33,264.06
1593.59,1001.41,1.29,144.09,264.06
1672.05,1009.57,1.34,65.21,264.06
1732.42,1021.49,1.44,4.05,83.9
1734.8,1054.6,0.01,14.62,174.08
1739.47,1121.64,1.4,83.52,174.61
1731.98,1201.13,1.36,3.68,174.61
1724.99,1280.04,1.43,50.3,174.99
1707.19,1352.35,1.19,45.51,137.45
1696.51,1431.81,1.42,25.53,174.4
1688.99,1509.97,1.31,8.84,174.4
1681.36,1584.21,1.33,16.04,177.46
1650.22,1645.97,1.19,30.97,131.79
1577.78,1677.81,1.38,9.55,110.16
1502.82,1705.17,1.46,13.64,111.39
1438.96,1697.58,1.19,1.05,84.37
1365.91,1721.29,1.47,73.68,110.08
1302.8,1706.81,1.27,41.99,50.95
1236.15,1664.86,1.24,49.61,61.71
1165.31,1629.55,1.31,128.8,63.68
1093.83,1594.18,1.22,8.36,63.67
1074.97,1585.57,1.33,29.08,243.67
1146.66,1621.04,1.34,149.31,243.68
1218.36,1656.51,1.31,69.26,243.68
1286.74,1695.8,1.18,61.49,236.1
1348.11,1728.4,1.45,8.22,289.53
1422.52,1701.29,1.21,13.64,290.08
1485.06,1724.3,1.29,1.95,225.95
1541.33,1779.24,1.39,57.36,225.95
1598.03,1833.74,1.24,78.69,226.7
1655.87,1887.75,1.4,15.29,226.7
1704.89,1923.84,1.45,104.12,245.25
1782.25,1944.82,1.46,23.82,262.26
1862.14,1952.66,1.42,87.4,265.84
1940.57,1957.63,1.38,8.81,266.84
2021.37,1959.15,1.33,40.84,273.24
2066.97,1994.23,1.47,75.23,181.68
2068.9,2072.1,1.4,4.8,190.72
2091.11,2148.71,1.44,0.71,199.54
2109.92,2218.06,1.42,40.26,86.61
2038.58,2222.17,1.36,21.28,86.6
1959.14,2217.45,1.23,100.85,86.6
1879.11,2212.69,1.19,181.02,86.6
1857.11,2277.25,1.27,62.07,170.52
1861.87,2240.17,1.27,24.71,354.78
1917.25,2216.24,1.44,142.74,266.6
1996.46,2220.95,1.28,63.39,266.6
2068.44,2217.49,1.36,1.09,283.71
2105.48,2185.35,1.25,32.03,19.18
2079.4,2110.95,1.41,30.68,18.29
2068.74,2032.65,1.25,36.78,1.68
2059.31,1956.37,1.31,2.84,92.93
1979.87,1958.2,1.42,82.33,88.95
1900.75,1954.79,1.45,48.73,86.84
1821.35,1949.0,1.34,128.34,85.77
1742.67,1936.78,1.24,64.09,76.93
1671.99,1901.09,1.42,1.24,73.33
1653.79,1930.94,1.45,78.73,173.93
1645.2,2010.35,1.37,7.96,173.93
1600.88,1990.98,1.24,53.55,45.76
1556.32,2033.35,1.29,59.4,150.7
1515.15,2100.19,1.39,59.94,150.71
1475.94,2170.09,1.47,140.09,150.71
1409.03,2166.16,1.31,6.08,152.36
1367.83,2218.06,1.27,4.5,75.1
1289.84,2197.31,1.46,39.7,75.09
1213.53,2177.05,1.36,64.08,75.15
1138.64,2157.17,1.31,50.76,75.13
1062.14,2136.92,1.4,14.27,75.25
1001.44,2130.06,1.39,4.64,345.36
1073.59,2141.26,1.31,2.1,255.25
1143.97,2150.65,1.31,44.38,255.13
1205.76,2140.98,1.47,21.09,338.49
1234.95,2066.88,1.36,48.32,338.5
1264.09,1992.68,1.46,2.01,0.24
1293.0,1919.5,1.22,67.22,338.5
1322.15,1845.5,1.47,55.28,338.5
1351.52,1770.92,1.23,7.52,338.48
1310.02,1714.32,1.22,31.64,50.95
1244.29,1670.69,1.35,39.68,61.71
1173.96,1635.26,1.34,118.52,63.68
1105.68,1606.18,1.23,2.31,153.81
1148.09,1621.75,1.34,147.71,243.68
1219.02,1656.84,1.47,68.51,243.68
1288.61,1697.05,1.37,59.23,236.1
1351.13,1727.33,1.37,5.01,289.53
1425.33,1700.26,1.2,10.66,290.08
1487.87,1711.94,1.25,4.56,282.66
1563.11,1684.15,1.43,5.14,288.85
1636.82,1656.88,1.3,13.45,289.92
1681.22,1601.81,1.26,3.93,357.35
1688.25,1534.88,1.26,4.45,357.82
1694.82,1455.65,1.28,1.65,354.4
1702.58,1375.68,1.42,21.9,354.93
1723.64,1302.85,1.4,27.45,354.99
1730.59,1223.52,1.39,107.09,354.99
1737.95,1144.63,1.28,60.48,354.61
1745.33,1066.65,1.22,138.81,354.51
1738.97,1012.07,1.35,1.32,359.95
1752.62,953.25,1.4,25.64,354.21
1763.0,873.88,1.39,8.08,328.46
1840.3,885.67,1.34,63.6,263.99
1917.91,891.9,1.39,4.83,83.99
1839.08,887.47,1.22,64.63,83.99
1762.5,874.68,1.3,7.14,148.46
1752.61,953.34,1.33,25.55,174.21
1738.13,1023.99,1.41,1.27,174.03
1742.68,1087.69,1.36,117.62,174.61
1735.19,1167.04,1.25,37.92,174.61
1728.04,1245.26,1.41,85.2,174.99
1721.13,1324.25,1.36,5.91,175.01
1700.09,1396.52,1.38,1.29,174.93
1692.39,1475.24,1.32,43.63,174.4
1682.87,1550.26,1.39,50.02,177.4
1677.38,1629.8,1.39,5.81,163.07
1609.09,1666.31,1.26,42.9,110.16
1533.96,1692.97,1.41,47.08,111.39
1465.5,1712.87,1.24,23.03,46.19
1398.41,1709.42,1.19,39.08,110.08
1328.68,1727.8,1.28,8.61,50.95
1264.63,1680.56,1.31,17.11,57.0
1193.57,1643.54,1.47,97.25,63.68
1122.27,1608.26,1.27,176.86,63.68
1073.54,1648.43,1.27,76.71,195.85
1073.56,1643.39,1.22,2.41,331.34
1125.14,1611.11,1.28,173.02,243.68
1196.55,1646.44,1.31,93.29,243.68
1266.57,1683.34,1.37,13.96,237.0
1330.67,1730.24,1.27,5.51,230.95
1400.42,1709.36,1.34,37.17,290.08
1468.49,1716.63,1.35,27.78,226.19
1527.57,1765.93,1.34,76.51,225.95
1585.65,1821.58,1.46,1.19,226.7
1643.57,1876.66,1.29,16.11,226.7
1686.61,1912.86,1.35,125.47,233.22
1761.72,1941.86,1.38,44.47,256.93
1841.23,1951.12,1.27,108.36,265.77
1921.14,1956.56,1.19,28.27,266.84
2000.28,1959.21,1.45,61.93,268.95
2066.3,1971.54,1.23,97.93,181.68
2068.61,2050.19,1.41,19.25,181.68
2089.25,2114.26,1.26,27.47,198.27
2123.4,2154.17,1.26,5.96,18.39
2085.67,2101.36,1.39,14.02,18.27
2068.78,2034.0,1.43,35.43,1.68
2062.44,1955.85,1.47,4.19,92.93
1984.32,1958.28,1.25,77.89,88.95
1912.29,1956.07,1.03,37.13,86.84
1833.64,1950.56,1.29,115.96,85.77
1765.14,1933.45,1.31,97.03,82.25
1691.91,1905.63,1.3,17.2,53.22
1666.89,1859.14,1.2,21.6,353.95
1675.16,1781.19,1.35,99.98,353.95
1656.8,1745.33,1.21,3.96,175.62
1671.61,1796.4,1.4,84.48,173.95
1663.22,1875.52,1.44,4.92,173.95
1689.31,1905.29,1.25,14.9,233.22
1762.4,1934.14,1.25,94.44,256.91
1831.36,1951.03,1.44,118.21,265.77
1910.51,1956.61,1.19,38.88,266.84
1991.13,1959.69,1.43,71.06,268.95
2065.37,1963.32,1.25,2.2,182.38
2067.76,2042.8,1.19,26.66,181.68
2081.36,2120.81,1.23,20.76,199.51
2107.88,2196.14,1.42,21.05,199.18
2067.53,2206.19,1.46,12.17,2.58
2109.7,2201.37,1.4,15.51,19.18
2123.29,2145.98,1.43,0.09,107.53
2083.82,2095.77,1.26,8.1,18.27
2068.61,2028.17,1.19,41.26,1.68
2056.86,1956.5,1.33,5.3,93.24
1977.0,1958.15,1.25,85.21,88.95
1898.97,1954.69,1.2,50.51,86.84
1820.95,1948.98,1.35,128.74,85.77
1742.05,1936.64,1.47,64.72,76.93
1670.69,1900.91,1.32,0.48,84.08
1628.0,1861.11,1.32,38.11,46.7
1570.96,1807.01,1.44,16.76,45.95
1513.78,1751.69,1.26,96.32,45.95
1455.39,1695.82,1.46,30.84,46.16
1398.41,1641.18,1.38,109.79,47.82
1340.61,1585.15,1.46,16.27,62.22
1270.32,1548.56,1.3,58.39,62.25
1199.84,1514.83,1.2,15.74,64.48
1129.27,1479.14,1.42,94.86,62.36
1056.45,1443.56,1.36,175.87,65.51
983.14,1412.83,1.31,20.47,71.2
908.0,1389.05,1.28,99.28,77.59
829.27,1375.8,1.24,179.14,82.96
809.82,1445.08,1.46,67.94,173.56
821.4,1376.12,1.35,186.91,262.96
900.23,1388.65,1.43,106.96,257.59
976.42,1411.89,1.19,27.14,251.2
1050.15,1442.1,1.26,182.21,245.51
1120.85,1476.18,1.2,103.69,242.36
1192.02,1512.52,1.29,23.79,244.48
1248.92,1502.11,1.28,20.35,266.19
1327.74,1507.35,1.41,0.46,266.2
1388.18,1520.25,1.46,103.43,248.27
1461.92,1549.65,1.28,24.04,248.27
1439.81,1583.82,1.38,51.35,117.51
1383.32,1631.15,1.24,7.27,226.19
1436.72,1687.22,1.45,76.41,226.42
1383.0,1715.05,1.2,55.49,110.08
1317.0,1718.33,1.21,23.68,50.95
1267.43,1724.88,1.21,100.47,161.57
1234.85,1794.46,1.23,20.7,117.31
1175.43,1842.13,1.4,6.11,123.35
1137.29,1899.48,1.24,54.47,169.55
1103.38,1950.13,1.27,28.64,78.61
1024.1,1934.04,1.33,264.1,78.47
947.12,1918.33,1.3,185.54,78.47
868.24,1902.24,1.44,105.03,78.47
790.86,1886.45,1.39,26.06,78.47
734.36,1890.2,1.26,80.89,174.17
726.24,1969.83,1.43,0.85,174.17
725.35,1976.85,1.34,1.48,249.75
737.52,2039.06,1.39,5.02,264.54
798.05,2059.06,1.34,58.51,254.86
875.28,2079.78,1.47,20.42,255.25
952.34,2100.07,1.3,67.08,255.25
1029.48,2120.39,1.29,5.91,255.25
1107.03,2140.83,1.25,6.16,255.11
1183.62,2161.21,1.35,85.42,255.26
1260.19,2181.48,1.46,57.99,255.15
1336.52,2201.65,1.27,6.52,255.06
1394.73,2176.91,1.36,34.28,332.36
1454.23,2176.89,1.31,165.15,241.51
1503.27,2122.67,1.36,85.36,330.71
1542.1,2053.47,1.21,6.0,330.71
1583.75,1985.78,1.31,4.49,330.7
1641.21,2029.75,1.34,0.05,315.7
1652.54,1954.76,1.41,54.91,353.93
1671.96,1902.42,1.42,0.89,253.33
1742.9,1938.15,1.35,63.56,256.93
1821.78,1950.32,1.4,127.81,265.77
1901.84,1956.13,1.25,47.57,266.84
1981.49,1959.51,1.4,80.69,268.95
2060.93,1957.57,1.37,1.29,272.93
2066.82,2032.86,1.45,36.63,181.68
2102.23,2072.19,1.19,7.6,278.58
2180.76,2061.17,1.44,52.82,277.92
2242.59,2077.73,1.2,22.77,197.84
2241.2,2130.35,1.31,15.42,108.62
2246.93,2087.03,1.24,32.95,17.84
2190.35,2058.54,1.28,42.96,97.92
2111.01,2069.58,1.45,123.06,97.92
2068.36,2041.71,1.29,27.74,1.68
2065.92,1961.18,1.21,4.31,2.38
1989.76,1959.02,1.37,72.45,88.95
1910.24,1955.96,1.34,39.19,86.84
1831.89,1950.43,1.34,117.72,85.77
1763.3,1933.03,1.36,95.08,76.91
1690.79,1904.79,1.26,15.79,53.22
1641.85,1862.73,1.45,67.92,46.7
1583.28,1807.36,1.22,126.39,45.95
1525.81,1751.76,1.41,46.44,45.95
1519.86,1706.74,1.22,19.68,291.39
1520.31,1643.78,1.35,0.69,21.22
1492.49,1609.54,1.27,1.96,23.66
1473.55,1553.59,1.3,11.77,68.27
1399.41,1524.04,1.43,91.59,68.27
1338.49,1508.33,1.26,17.19,87.22
1257.98,1501.44,1.46,11.36,86.19
1196.21,1507.43,1.45,202.88,64.49
1124.94,1471.09,1.23,122.86,62.35
1052.48,1436.13,1.2,42.44,65.51
981.37,1406.82,1.31,164.32,71.2
905.45,1383.25,1.26,84.92,77.58
827.4,1370.41,1.38,5.91,82.96
798.7,1320.85,1.39,33.92,353.46
807.89,1240.71,1.4,16.19,353.46
816.51,1162.85,1.46,41.61,353.77
825.21,1083.09,1.46,121.84,353.77
833.86,1003.82,1.47,201.59,353.77
795.59,962.06,1.38,10.41,354.22
797.38,964.41,1.32,5.53,263.86
832.71,1008.41,1.32,196.9,173.77
824.07,1087.65,1.28,117.19,173.77
815.37,1167.41,1.46,36.95,173.77
806.65,1245.92,1.26,10.87,173.46
797.58,1325.0,1.33,29.67,173.46
825.23,1376.59,1.35,183.06,262.96
902.46,1389.14,1.44,104.67,257.59
979.05,1412.79,1.44,24.36,251.2
1052.16,1443.02,1.21,180.0,245.51
1124.09,1477.87,1.25,100.04,242.36
1194.67,1513.79,1.22,20.85,244.48
1266.17,1547.53,1.34,4.14,244.51
1335.95,1584.54,1.31,3.67,242.22
1392.83,1637.85,1.45,116.15,227.82
1450.54,1692.94,1.32,36.33,226.16
1506.67,1746.6,1.24,104.97,225.95
1563.91,1801.97,1.29,25.33,225.95
1621.22,1856.48,1.25,46.22,226.7
1661.78,1907.24,1.45,2.84,262.82
1708.3,1926.12,1.22,100.08,245.25
1785.46,1945.9,1.24,20.5,262.24
1823.29,1904.78,1.4,54.65,353.34
1796.06,1937.66,1.29,128.39,82.24
1720.14,1921.01,1.44,49.78,65.24
1664.71,1882.41,0.0,2.4,83.81
1614.14,1836.62,1.27,29.85,46.7
1582.5,1783.27,1.37,2.27,304.38
1648.32,1738.24,1.18,82.03,304.38
1681.21,1724.1,1.2,22.43,353.95
1689.53,1645.73,1.42,101.27,353.96
1682.67,1583.7,1.27,16.61,357.46
1690.27,1509.99,1.37,8.95,354.4
1697.86,1431.19,1.41,26.28,354.4
1707.83,1353.55,1.36,45.06,317.45
1726.27,1280.18,1.36,50.27,354.99
1733.32,1200.46,1.43,4.47,354.61
1740.81,1121.12,1.33,84.16,354.61
1736.45,1051.18,1.32,3.31,354.08
1744.49,985.97,1.34,6.6,306.6
1758.34,909.26,1.22,70.0,354.57
1804.72,883.85,1.2,99.17,263.99
1798.37,883.19,1.45,105.56,83.99
1757.26,913.82,1.42,65.36,174.21
1740.86,987.88,1.37,2.55,126.6
1767.54,1027.85,1.22,3.85,263.76
1784.21,1026.89,1.44,15.68,83.71
1715.17,1027.85,1.28,275.14,83.72
1636.45,1019.18,1.42,195.95,83.72
1557.57,1010.49,1.34,116.59,83.72
1477.68,1001.7,1.32,36.22,83.72
1412.05,987.72,0.0,0.01,82.41
1389.74,986.85,1.34,6.35,84.64
1309.5,979.32,1.25,86.94,84.64
1229.38,971.81,1.43,167.41,84.64
1151.3,964.27,1.31,60.4,84.46
1071.98,956.58,1.36,140.1,84.46
993.58,947.41,1.38,33.95,81.99
913.5,936.14,1.23,114.82,81.99
854.39,943.1,0.0,22.3,75.18
836.07,971.71,1.3,233.75,173.77
827.45,1050.79,1.21,154.2,173.77
818.78,1130.22,1.25,74.29,173.77
814.21,1207.69,1.23,0.75,263.03
802.33,1277.95,1.4,76.95,173.46
794.34,1356.74,1.33,2.13,219.77
861.86,1375.96,1.47,40.74,262.96
938.45,1393.56,1.34,119.48,251.2
1011.64,1418.92,1.46,3.84,195.5
1084.21,1452.47,1.24,78.11,243.85
1155.25,1488.41,1.43,157.74,242.35
1220.35,1508.28,1.37,57.33,353.89
1291.35,1504.93,1.31,36.92,266.2
1366.68,1507.09,1.38,1.14,236.46
1444.84,1516.33,1.26,2.76,263.49
1479.01,1518.95,1.24,16.34,83.34
1490.45,1562.4,1.33,0.14,198.27
1515.9,1635.93,1.45,2.25,200.86
1586.54,1626.95,1.33,18.32,287.42
1653.39,1609.44,1.3,23.44,283.25
1693.07,1640.59,1.35,5.47,96.81
1680.06,1716.68,1.37,29.69,173.95
1671.66,1796.0,1.35,84.89,173.95
1663.24,1875.32,1.41,5.12,173.95
1685.07,1902.12,1.25,9.58,233.22
1756.73,1932.82,1.34,88.6,256.91
1825.01,1950.56,1.27,124.57,265.77
1904.9,1956.3,1.3,44.5,266.84
1985.22,1959.58,1.26,76.97,268.95
2064.74,1958.22,1.2,1.44,235.59
2067.6,2037.37,1.33,32.09,181.68
2044.64,2081.86,1.44,258.16,54.08
1967.43,2071.66,1.35,179.37,86.11
1888.77,2060.76,1.21,99.9,81.8
1809.58,2049.34,1.35,19.88,81.84
1733.47,2046.22,1.38,59.73,84.2
1804.11,2049.85,1.31,14.55,261.84
1881.99,2061.07,1.35,93.23,261.8
1960.52,2072.39,1.22,172.58,261.8
2039.1,2079.43,1.35,252.25,234.08
2069.08,2044.19,1.26,25.23,1.68
2066.72,1965.11,1.21,0.35,2.38
1992.8,1958.44,1.3,69.42,88.95
1913.74,1955.51,1.18,35.71,86.84
1835.4,1950.04,1.19,114.25,85.77
1756.76,1940.06,1.47,49.69,76.93
1683.41,1909.66,1.19,129.92,53.22
1638.4,1870.91,1.38,23.82,46.7
1579.78,1815.55,1.38,4.48,45.95
1522.95,1760.57,1.44,83.55,45.95
1465.84,1705.82,1.21,16.37,46.93
1408.3,1650.6,1.18,96.15,46.16
1351.43,1595.25,1.22,1.72,45.18
1356.63,1527.04,1.46,54.61,352.39
1365.96,1449.02,1.24,54.64,353.42
1374.66,1368.56,1.25,135.56,354.93
1380.17,1300.25,1.21,0.01,353.72
1389.63,1222.27,1.39,8.81,353.57
1396.62,1142.64,1.32,28.07,353.81
1405.23,1063.33,1.36,107.76,353.81
1397.31,1000.81,1.36,3.66,353.11
1330.18,981.26,1.33,66.17,84.64
1250.08,973.75,1.47,146.62,84.64
1170.74,966.16,1.43,40.88,84.46
1091.05,958.43,1.2,120.94,84.46
1017.64,945.54,1.4,6.51,84.47
987.63,962.72,1.21,0.48,308.66
1013.94,950.27,1.22,13.39,81.99
934.51,939.09,1.46,93.6,81.99
868.19,947.18,1.29,7.78,71.09
845.2,966.47,1.27,7.97,231.67
855.91,970.8,0.0,23.41,263.09
874.03,949.01,1.42,3.09,251.09
940.68,940.61,1.31,87.27,261.99
1018.92,951.62,1.27,8.26,261.99
1097.46,959.7,1.37,114.44,264.46
1178.25,967.53,1.42,33.27,264.46
1257.31,975.71,1.47,139.24,264.64
1335.67,983.06,1.21,60.54,264.64
1401.18,971.44,1.28,4.59,353.22
1430.66,945.04,0.0,2.86,262.4
1421.24,942.66,0.0,4.55,82.4
1398.62,982.52,1.24,3.31,173.52
1417.12,1022.36,0.0,0.02,262.55
1412.05,1065.78,1.2,42.78,173.81
1403.54,1144.15,1.37,121.7,173.81
1396.54,1223.82,1.32,18.99,173.55
1388.39,1302.23,1.31,1.15,174.72
1382.69,1357.81,1.4,46.6,174.92
1374.38,1437.4,1.46,126.63,173.41
1377.33,1508.51,1.21,1.79,247.37
1444.11,1541.86,1.43,43.47,248.27
1498.8,1589.97,1.2,10.0,200.52
1482.77,1642.9,1.29,12.18,114.32
1515.49,1637.04,1.44,2.22,247.26
1554.29,1694.12,1.37,6.35,288.27
1629.34,1667.09,1.37,55.38,289.91
1687.8,1642.47,1.28,0.44,173.96
1679.48,1722.17,1.45,24.18,173.95
1658.11,1751.15,1.3,1.75,240.71
1684.68,1691.31,1.44,55.42,353.95
1678.5,1629.15,1.4,6.01,340.32
1684.18,1549.8,1.26,50.53,357.4
1693.71,1474.9,1.38,44.1,354.4
1701.49,1395.16,1.25,2.75,354.93
1692.21,1337.91,1.43,21.33,83.67
1612.43,1328.81,1.42,101.62,83.49
1569.06,1316.73,1.3,7.26,264.59
1647.94,1325.13,1.25,44.97,263.5
1722.26,1325.96,1.3,4.31,355.01
1728.87,1250.45,1.42,80.11,354.99
1735.76,1174.62,1.07,30.42,354.61
1742.9,1098.94,1.36,106.44,354.61
1737.17,1044.18,0.77,0.75,354.08
1743.57,986.65,1.36,5.45,306.6
1758.2,910.76,1.27,68.5,354.57
1769.67,832.83,1.33,39.47,353.49
1787.6,765.85,1.2,30.85,347.57
1801.97,687.93,1.18,20.06,354.0
1794.07,731.49,1.47,6.16,150.15
1758.43,778.47,1.39,12.65,84.65
1679.24,769.47,1.39,9.56,83.67
1599.18,760.94,1.26,17.79,83.66
1521.03,752.26,1.4,96.42,83.66
1444.65,748.17,1.45,5.6,83.3
1384.69,740.23,1.2,5.8,83.88
1306.24,731.82,1.27,84.7,83.88
1227.37,723.79,1.35,15.25,84.38
1147.08,715.88,1.36,95.93,84.38
1068.34,707.12,1.44,68.54,83.59
988.31,698.21,1.25,148.91,83.78
930.15,723.23,1.25,29.28,162.12
905.92,798.32,1.4,108.18,162.12
881.38,874.38,1.45,188.1,162.13
849.66,905.55,0.0,1.68,174.44
834.03,948.02,1.45,0.41,174.08
832.49,1004.59,1.41,200.67,173.77
823.77,1084.48,1.26,120.3,173.77
815.04,1164.52,1.2,39.79,173.77
807.47,1233.08,1.2,23.72,173.46
798.44,1311.87,1.24,42.81,173.46
818.81,1369.7,1.26,1.78,219.82
896.76,1382.64,1.36,76.31,257.58
974.01,1405.67,1.29,156.99,251.2
1046.67,1434.89,1.27,36.64,245.51
1118.06,1469.09,1.29,115.82,243.85
1189.02,1505.41,1.25,195.52,244.49
1250.67,1502.23,1.3,18.6,266.19
1330.83,1507.87,1.41,6.89,252.52
1395.47,1522.47,1.46,95.83,248.27
1469.71,1552.06,1.3,15.9,248.27
1534.08,1567.62,1.41,37.4,287.68
1611.45,1548.6,1.18,4.18,277.92
1690.34,1546.62,1.26,39.09,269.51
1664.05,1545.12,1.46,12.79,89.51
1617.17,1581.67,1.29,5.56,196.52
1615.61,1634.21,1.3,1.19,107.43
1549.67,1637.18,1.25,56.56,107.42
1504.55,1601.74,1.36,1.37,19.84
1456.52,1546.8,1.25,30.11,68.27
1382.69,1517.37,1.39,109.59,68.27
1373.94,1452.43,1.29,141.61,353.41
1382.65,1372.71,1.42,61.45,354.92
1390.06,1292.5,1.31,10.9,353.55
1398.96,1213.77,1.41,8.74,353.55
1405.89,1134.37,1.47,111.71,353.81
1414.45,1055.5,1.35,32.3,353.81
1411.01,1019.47,0.01,0.01,82.55
1397.38,1000.21,1.22,4.28,351.12
1329.91,981.24,1.28,66.44,84.64
1250.66,973.8,1.21,146.04,84.64
1172.23,966.3,1.29,39.38,84.46
1092.78,958.6,1.25,119.2,84.46
1013.39,950.19,1.21,13.94,81.99
1346.19,984.05,1.26,49.98,264.64
1393.94,1016.0,1.39,2.67,174.08
1402.97,1072.3,1.45,98.6,173.81
1394.24,1152.79,1.3,17.73,173.81
1387.56,1232.4,1.21,3.59,173.34
1378.19,1306.53,0.0,4.33,173.72
1372.27,1381.08,1.38,122.88,174.93
1363.48,1459.32,1.26,44.12,173.42
1353.96,1537.33,1.31,44.05,172.39
1356.97,1603.07,1.18,31.19,225.18
1414.11,1657.95,1.31,86.86,226.16
1471.14,1712.53,1.2,7.91,226.93
1528.53,1767.74,1.24,74.56,225.95
1586.04,1823.33,1.46,94.56,226.7
1644.64,1878.55,1.2,14.04,226.7
1682.92,1910.9,1.34,129.58,233.22
1755.45,1941.07,1.27,50.73,256.93
1835.17,1951.31,1.35,114.38,265.77
1914.66,1956.84,1.31,34.72,266.84
1994.16,1959.74,1.38,68.03,268.95
2065.33,1965.75,1.29,3.7,182.38
2067.83,2045.19,1.4,24.27,181.68
2039.16,2077.89,1.27,251.4,54.08
1959.16,2070.9,1.4,171.02,81.8
1880.16,2059.52,1.37,91.2,81.8
1800.61,2048.05,1.39,10.83,81.84
1737.23,2047.25,1.33,63.58,264.2
1813.41,2050.54,1.27,23.85,261.78
1893.18,2062.04,1.28,104.44,261.8
1972.46,2072.64,1.2,184.46,266.11
2049.14,2083.92,1.27,2.56,268.18
2068.04,2030.65,1.3,38.8,1.68
2057.85,1957.08,1.26,4.34,93.24
1978.0,1958.81,1.37,84.19,88.95
1898.71,1955.32,1.39,50.73,85.84
1819.37,1949.14,1.4,1.51,85.77
1750.01,1929.94,1.29,81.37,76.91
1679.61,1896.43,1.42,1.77,53.22
1676.13,1850.85,1.18,98.79,353.95
1684.53,1771.62,1.37,19.12,353.95
1692.97,1692.06,1.38,48.53,353.95
1705.36,1622.62,1.43,2.47,345.87
1721.22,1577.47,1.32,21.43,356.47
1696.79,1550.94,1.47,2.25,85.45
1725.79,1505.51,1.23,10.34,356.19
1732.2,1427.56,1.32,27.18,355.52
1736.22,1352.77,0.2,0.11,2.86
1735.38,1278.88,1.32,59.89,354.99
1742.26,1201.2,1.38,142.18,354.61
1749.69,1122.38,1.27,63.01,354.61
1740.58,1055.47,1.36,6.69,88.42
1753.45,1026.12,1.29,3.24,264.44
1822.17,1042.8,1.31,114.16,264.09
1901.66,1051.03,1.35,34.24,264.09
1972.23,1047.81,1.31,0.19,264.31
1932.43,1052.93,1.33,3.44,84.09
1853.58,1044.77,1.45,82.71,84.09
1776.08,1035.33,1.21,2.35,82.75
1735.37,1057.24,1.23,11.84,268.42
1749.6,1102.95,1.37,43.68,174.61
1742.13,1182.08,1.34,123.16,174.61
1734.99,1261.31,1.32,42.43,174.99
1738.88,1334.08,1.41,5.89,271.45
1818.55,1339.59,1.21,85.74,264.17
1898.32,1348.7,1.43,165.92,255.41
1946.7,1379.97,1.19,4.25,229.56
2021.38,1400.08,1.19,68.32,265.28
1979.05,1395.94,1.22,25.61,85.28
1930.78,1362.61,0.0,4.53,85.16
1856.96,1343.22,1.47,124.21,83.47
1776.53,1334.66,1.31,43.54,84.17
1710.32,1349.89,1.37,49.36,137.45
1697.6,1427.32,1.28,30.11,174.4
1689.44,1505.39,1.44,13.42,174.4
1681.65,1577.81,1.28,22.44,177.46
1629.77,1614.34,1.22,4.39,103.25
1553.21,1636.74,1.34,53.05,107.42
1503.36,1670.56,1.32,1.07,110.11
1506.3,1670.95,1.34,1.23,288.38
1510.22,1616.74,1.26,0.29,20.61
1471.65,1552.83,1.37,13.82,68.27
1397.61,1523.32,1.21,93.53,68.27
1333.25,1507.29,1.45,4.76,72.52
1254.21,1501.18,1.28,15.13,86.19
1193.78,1506.27,1.26,200.19,64.49
1121.72,1469.46,1.38,119.26,63.85
1049.52,1434.78,1.33,39.18,65.51
977.58,1405.53,1.45,160.32,71.2
900.98,1382.26,1.28,80.34,77.58
822.61,1369.82,1.24,1.08,82.96
827.79,1293.84,1.18,28.84,353.52
834.17,1243.28,0.02,4.15,353.1
842.2,1167.11,1.19,194.34,353.51
851.15,1088.39,1.41,115.1,353.51
860.13,1009.39,1.29,35.6,353.51
834.51,955.84,1.32,22.52,354.08
851.56,899.28,0.0,0.01,354.44
847.75,912.38,1.3,8.03,163.2
851.68,971.58,1.29,4.06,263.09
858.93,1008.69,1.24,35.04,173.51
849.98,1087.38,1.46,114.23,173.51
840.94,1166.87,1.46,194.24,173.51
832.6,1245.53,1.25,2.35,173.1
825.28,1304.56,1.23,39.77,173.52
833.94,1372.51,1.23,12.64,262.96
913.17,1386.26,1.24,93.09,257.58
989.72,1411.02,1.35,173.57,251.2
1060.9,1441.37,1.24,52.28,245.51
1133.02,1476.77,1.32,132.64,242.35
1204.6,1512.85,1.45,212.79,244.49
1267.36,1503.34,1.34,1.87,266.19
1346.01,1510.01,1.31,9.57,264.56
1420.89,1513.68,1.42,39.57,263.69
1448.81,1459.96,1.27,35.32,357.82
1447.43,1479.53,1.35,15.71,177.82
1471.88,1539.34,1.34,21.72,220.73
1505.07,1606.86,1.26,1.08,200.26
1507.74,1669.31,1.21,2.89,156.11
1525.44,1657.32,1.31,3.33,20.6
1497.97,1583.39,1.31,16.49,18.08
1439.18,1539.89,1.46,48.78,68.27
1372.34,1507.74,1.22,2.34,84.29
1298.55,1504.13,1.39,29.79,86.2
1219.82,1501.18,1.46,50.33,173.89
1162.12,1490.57,1.33,164.82,62.35
1091.12,1454.43,1.24,85.18,63.85
1019.15,1420.94,1.44,5.81,65.51
945.3,1394.54,1.34,126.27,71.2
868.15,1375.44,1.3,46.9,82.96
819.52,1370.55,1.42,2.89,219.82
898.9,1383.12,1.22,78.5,257.58
975.43,1406.15,1.26,158.49,251.2
1047.53,1435.28,1.4,37.57,245.51
1118.28,1469.2,1.25,116.06,243.85
1187.66,1504.77,1.31,194.02,244.49
1247.9,1502.05,1.26,21.38,266.19
1327.67,1507.34,1.36,0.52,266.2
1391.71,1520.97,1.27,99.88,248.27
1465.58,1550.42,1.21,20.35,248.27
1500.72,1605.95,1.32,9.17,106.57
1515.51,1634.84,1.36,3.38,197.53
1528.97,1701.11,1.41,9.15,111.39
1517.03,1745.05,1.34,35.46,225.95
1573.95,1800.11,1.31,114.65,225.95
1632.61,1855.79,1.21,56.44,226.7
1662.16,1901.59,1.38,2.14,100.79
1649.51,1977.21,1.34,32.27,173.93
1624.14,2002.02,1.21,38.94,45.76
1567.36,1947.74,1.29,23.25,45.91
1511.23,1892.56,1.35,1.23,43.09
1458.84,1837.98,1.47,119.24,43.87
1399.2,1783.21,1.36,38.28,47.97
1346.45,1729.67,1.35,10.2,289.53
1420.19,1702.82,1.29,16.36,290.08
1410.18,1660.19,1.44,38.54,46.42
1358.67,1602.95,1.42,30.07,45.18
1292.38,1560.16,1.37,33.47,62.25
1220.61,1524.75,1.18,48.88,64.47
1148.87,1489.4,1.25,72.74,62.36
1077.72,1453.56,1.4,152.39,63.84
1006.01,1421.12,1.39,5.93,77.61
1015.51,1344.27,1.45,69.64,353.45
1015.94,1270.21,1.46,4.83,83.73
936.86,1261.52,1.18,84.37,83.73
997.23,1269.44,1.46,23.51,263.73
1075.01,1277.99,1.28,102.52,263.73
1153.11,1286.56,1.18,23.94,263.73
1222.67,1281.97,1.18,33.47,263.72
1291.92,1279.02,1.22,7.2,354.62
1343.37,1240.69,1.23,8.46,279.0
1391.75,1197.87,1.31,1.25,353.59
1398.63,1118.21,1.43,52.55,353.81
1407.66,1037.65,1.35,133.52,352.4
1398.37,989.75,1.34,1.16,352.08
1422.09,928.76,1.27,12.12,352.98
1431.07,850.66,1.22,44.81,353.72
1436.78,772.69,1.41,44.83,353.31
1483.73,749.41,1.32,133.81,263.66
1563.55,758.27,1.45,53.5,263.66
1643.41,767.14,1.3,34.13,263.67
1720.81,775.73,1.46,16.79,263.66
1800.83,783.57,1.18,181.71,265.09
1879.72,790.35,1.24,102.53,265.09
1811.85,783.88,1.22,170.7,85.09
1769.45,823.43,1.42,48.79,173.49
1757.75,901.94,1.33,77.24,174.57
1748.58,981.34,1.38,12.65,126.6
1736.37,1042.94,1.32,1.88,155.79
1742.7,1087.43,1.4,117.88,174.61
1735.1,1168.06,1.27,36.9,174.61
1727.88,1247.09,1.25,83.37,174.99
1720.94,1326.32,1.27,3.83,175.01
1699.69,1399.4,1.46,58.11,174.93
1692.1,1478.23,1.32,40.64,174.4
1682.91,1549.41,1.36,50.87,177.4
1677.56,1629.21,1.44,6.43,163.07
1610.1,1665.94,1.41,43.98,110.16
1536.28,1692.45,1.41,0.81,111.39
1466.38,1713.72,1.32,24.25,46.19
1397.94,1710.27,1.23,39.81,110.08
1328.19,1728.23,1.19,8.72,50.95
1264.87,1681.48,1.24,16.4,57.0
1194.52,1644.72,1.43,95.87,63.68
1122.02,1608.85,1.42,176.83,63.68
1069.82,1645.3,1.38,0.91,105.86
1017.08,1614.74,1.22,36.23,15.86
985.53,1626.6,1.45,83.85,196.66
994.49,1700.0,1.27,5.17,154.49
995.26,1659.12,1.29,49.91,16.66
990.35,1599.19,1.3,9.37,253.82
1034.73,1653.27,1.24,1.13,285.86
1095.62,1613.24,1.22,20.67,334.0
1161.31,1628.29,1.35,132.95,243.68
1233.31,1664.06,1.24,52.5,241.71
1300.27,1705.58,1.46,44.74,230.95
1360.76,1724.54,1.36,79.63,290.08
1431.14,1698.82,1.45,4.7,290.08
1493.2,1710.31,1.39,2.8,291.39
1526.62,1660.46,1.42,0.92,20.49
1583.43,1627.93,1.32,21.58,287.42
1618.6,1581.99,1.26,6.27,16.52
1612.13,1618.77,1.29,5.27,102.91
1536.53,1641.97,1.41,70.53,107.42
1522.49,1698.15,1.32,34.51,111.39
1455.38,1704.05,1.22,9.61,46.53
1384.78,1715.08,1.38,53.82,110.08
1356.39,1756.43,1.2,0.22,224.94
1328.36,1827.99,1.37,73.85,158.5
1299.91,1901.22,1.42,0.3,158.5
1270.53,1974.8,1.27,7.52,158.5
1241.63,2048.17,1.26,68.18,158.5
1212.12,2123.09,1.19,40.07,158.49
1161.32,2153.93,1.46,61.99,75.13
1084.0,2133.41,1.46,0.98,75.25
1006.79,2112.94,1.39,3.92,75.24
966.57,2080.68,1.39,2.66,119.55
904.35,2086.11,1.33,17.12,75.25
827.66,2065.74,1.21,88.83,74.86
750.54,2045.12,1.26,9.03,76.25
723.03,2013.68,1.32,21.37,354.14
731.09,1934.93,1.2,36.06,354.17
739.15,1855.97,1.24,13.41,354.17
703.32,1828.92,1.43,37.56,109.42
630.33,1861.19,1.37,117.63,118.98
562.71,1904.18,1.33,197.98,127.75
502.6,1956.39,1.45,277.78,132.87
503.61,1945.85,1.28,39.16,312.88
563.76,1894.5,1.27,118.15,307.48
629.36,1853.68,1.44,195.4,299.0
701.81,1821.99,1.31,274.54,289.43
748.29,1772.69,1.46,29.59,353.07
762.17,1694.65,1.33,41.29,355.33
768.61,1615.85,1.47,120.35,355.33
775.05,1537.06,1.44,199.4,355.33
782.71,1457.18,1.24,22.34,353.3
792.06,1378.14,1.19,101.94,352.76
801.21,1298.95,1.42,55.96,353.46
810.94,1220.37,1.38,5.02,353.81
818.84,1141.45,1.39,63.14,353.77
827.43,1062.73,1.38,142.33,353.77
836.02,984.01,1.26,221.51,353.77
797.52,943.01,1.38,6.21,354.18
738.58,917.2,1.23,13.05,84.56
688.39,883.32,1.23,108.02,83.59
685.52,882.99,1.22,105.13,263.59
735.46,917.54,1.39,9.98,264.56
797.17,940.06,1.43,9.11,174.18
835.9,979.18,1.43,226.31,173.77
827.38,1057.34,1.19,147.68,173.77
818.77,1136.2,1.19,68.35,173.77
810.94,1214.48,1.43,3.72,173.81
801.18,1293.6,1.43,61.28,173.46
811.18,1358.18,1.25,6.1,263.63
812.84,1429.76,1.19,52.38,173.56
803.92,1508.56,1.44,131.68,173.51
858.92,1532.6,1.4,59.34,268.74
940.54,1534.34,1.29,48.23,268.91
1015.21,1555.99,1.47,95.76,243.67
1086.24,1591.14,1.33,16.51,243.67
1158.89,1626.38,1.3,135.97,243.68
1229.31,1661.22,1.35,57.34,243.68
1278.56,1709.49,1.43,13.61,157.1
1269.23,1733.66,1.21,39.61,341.57
1313.89,1717.45,1.26,26.65,230.95
1380.21,1717.43,1.4,58.92,290.08
1450.81,1700.61,1.44,3.93,226.53
1517.06,1700.96,1.32,28.43,291.39
1530.31,1644.59,1.2,77.25,287.42
1605.5,1621.03,1.38,3.53,284.93
1623.18,1601.78,1.38,0.16,197.45
1563.39,1632.87,1.36,42.17,107.42
1509.68,1669.22,1.23,1.19,219.43
1539.25,1658.46,1.25,9.51,108.21
1515.18,1663.26,1.34,8.45,288.2
1576.82,1630.01,1.2,28.51,287.42
1620.54,1588.55,1.35,13.11,16.52
1616.82,1572.68,1.42,0.76,98.53
1592.57,1623.72,1.35,11.6,107.42
1519.2,1640.92,1.31,3.76,21.22
1496.27,1625.75,1.28,4.47,290.82
1489.34,1560.99,1.45,2.0,55.77
1416.89,1531.01,1.33,72.77,68.27
1369.85,1487.8,1.47,177.21,353.41
1378.96,1408.9,1.37,97.8,353.71
1386.48,1329.63,1.39,18.2,354.92
1377.94,1277.05,1.22,14.46,83.64
1328.47,1231.38,1.37,8.87,22.36
1289.39,1177.82,1.31,12.1,353.88
1216.96,1163.15,1.18,70.4,84.0
1198.12,1105.9,1.36,44.21,353.79
1195.34,1125.54,1.31,24.39,173.79
1189.61,1205.02,1.41,69.82,173.44
1177.35,1280.21,1.42,146.02,83.73
1098.42,1271.54,1.4,66.62,83.73
1018.63,1262.78,1.42,183.71,83.73
939.28,1254.06,1.21,103.88,83.73
860.02,1245.35,1.36,24.15,83.73
804.29,1266.44,1.2,88.61,173.46
795.19,1345.86,1.42,8.67,173.46
785.85,1425.0,1.4,54.66,173.3
777.12,1503.86,1.37,232.67,175.33
770.68,1582.67,1.3,153.59,175.33
764.18,1662.2,1.23,73.79,175.33
752.37,1740.91,1.32,4.21,153.04
744.77,1817.55,1.26,3.68,98.63
733.93,1894.45,1.27,76.62,174.17
725.84,1973.68,1.46,4.11,174.12
716.29,2045.28,0.0,17.5,165.44
773.6,2062.4,1.41,72.96,254.86
850.43,2083.31,1.47,2.72,255.07
927.42,2103.43,1.42,28.61,255.25
1004.46,2123.87,1.19,0.55,255.25
1080.22,2139.54,1.32,4.63,345.25
1152.65,2153.61,1.31,53.53,255.13
1210.14,2131.62,1.23,31.4,338.49
1239.22,2057.78,1.4,58.36,338.5
1266.55,1984.46,1.28,2.0,285.58
1296.91,1911.34,1.4,76.24,338.5
1326.29,1836.74,1.28,64.96,338.5
1355.27,1764.24,1.44,15.35,322.86
1376.66,1718.73,1.42,62.71,290.08
1449.88,1699.73,1.31,2.65,226.53
1515.88,1701.43,1.36,27.16,291.39
1518.24,1638.44,1.47,6.42,21.22
1494.33,1606.16,1.37,7.93,293.47
1464.47,1549.97,1.41,21.55,68.27
1390.26,1520.39,1.47,101.44,68.27
1373.09,1459.74,1.33,148.97,353.41
1382.01,1379.92,1.24,68.68,354.92
1389.94,1301.11,0.0,0.11,354.72
1462.34,1306.89,1.36,71.03,264.76
1541.84,1314.18,1.45,150.86,264.76
1569.54,1325.78,1.44,24.1,264.59
1649.3,1334.31,1.38,64.37,263.49
1707.7,1351.79,1.34,46.25,137.45
1696.72,1429.75,1.39,27.61,174.4
1688.93,1510.54,1.43,8.27,174.4
1681.41,1583.13,1.36,17.12,177.46
1623.17,1615.38,1.29,1.38,104.99
1547.71,1637.79,1.43,58.61,107.42
1494.43,1673.83,1.31,9.51,110.11
1509.46,1668.6,1.22,1.54,336.11
1565.12,1633.67,1.2,40.76,287.42
1640.97,1612.36,1.26,10.68,283.25
1683.47,1565.49,1.41,34.83,357.46
1692.1,1491.31,1.21,27.66,354.4
1699.64,1413.07,1.4,44.49,354.4
1716.8,1337.18,1.18,3.11,353.72
1727.8,1262.72,1.19,67.8,354.99
1734.95,1183.19,1.37,21.81,354.61
1742.5,1103.19,1.33,102.17,354.61
1738.11,1036.54,1.21,5.36,354.06
1789.91,1039.46,1.46,146.58,264.09
1869.0,1047.65,1.26,67.08,264.09
1941.85,1045.99,1.31,1.15,309.36
2004.32,1063.01,1.36,151.02,264.26
2083.46,1070.96,1.21,71.48,264.26
2156.9,1081.78,1.34,1.07,263.75
2163.83,1081.25,1.28,7.9,83.75
2090.23,1070.36,1.36,64.81,84.26
2011.93,1062.49,1.38,143.5,84.26
1947.43,1044.01,1.31,3.49,84.15
1874.99,1046.98,1.43,61.18,84.09
1796.46,1038.85,1.37,140.13,84.09
1737.25,1032.43,1.36,0.95,174.06
1752.51,1072.17,1.38,12.76,174.5
1745.03,1151.39,1.27,92.33,174.61
1737.72,1230.12,1.19,11.11,174.99
1730.79,1309.33,1.31,90.63,174.95
1734.39,1380.96,1.42,19.36,173.9
1725.87,1459.71,1.21,59.79,173.66
1713.71,1537.79,1.31,11.26,163.66
1787.49,1554.26,1.43,54.32,264.79
1866.89,1561.5,1.38,134.05,264.79
1905.98,1599.49,1.23,11.25,171.64
1967.63,1623.35,1.23,47.02,263.28
2046.97,1632.7,1.31,126.91,263.28
2102.58,1658.66,1.39,17.42,173.06
2093.48,1738.25,1.47,19.92,173.6
2084.86,1817.85,1.27,47.82,173.93
2086.09,1818.34,1.38,48.17,353.93
2094.62,1739.58,1.37,21.11,353.6
2103.46,1662.1,1.22,20.73,353.06
2051.12,1631.9,1.18,130.93,83.28
1971.85,1622.56,1.3,51.11,83.28
1906.51,1604.1,1.3,6.75,349.76
1869.97,1560.49,1.33,137.02,84.79
1790.36,1553.24,1.29,57.09,84.79
1714.71,1543.94,1.32,3.45,81.47
1726.53,1465.4,1.29,65.37,353.66
1735.14,1386.0,1.42,24.25,353.9
1731.45,1316.39,1.46,97.61,354.95
1738.32,1238.02,1.44,18.93,354.99
1745.7,1157.86,1.39,98.71,354.61
1753.18,1078.61,1.31,19.1,354.5
1738.26,1028.95,1.05,0.02,354.29
1752.1,964.7,1.35,14.19,354.21
1759.84,886.77,1.34,92.54,354.57
1771.58,810.42,1.45,61.95,353.49
1727.45,789.75,1.23,14.7,84.68
1770.49,780.89,1.21,0.42,264.63
1765.09,856.05,1.28,15.89,173.49
1754.61,933.62,1.19,45.39,174.21
1739.34,1000.97,1.19,0.1,179.95
1753.93,1058.94,1.37,2.34,174.51
1746.34,1137.44,1.43,78.32,174.61
1740.16,1216.19,1.28,1.1,143.7
1731.95,1296.02,1.28,77.27,174.99
1735.3,1363.75,1.28,1.97,185.34
1727.85,1441.93,1.32,41.9,173.66
1718.52,1521.31,1.26,0.2,168.19
1705.13,1598.74,1.32,53.41,173.27
1695.11,1665.91,1.22,22.31,173.94
1686.77,1744.52,1.43,101.34,173.95
1678.37,1823.68,1.31,71.53,173.95
1675.09,1888.21,1.46,6.43,186.59
1739.67,1928.2,1.3,70.85,256.95
1807.93,1946.58,1.15,0.76,172.28
1877.48,1954.42,1.3,71.97,265.84
1956.36,1958.68,1.38,2.77,268.09
2036.49,1958.93,1.27,25.75,273.24
2066.12,2008.78,1.4,60.72,181.68
2078.36,2076.66,1.4,1.44,190.64
2101.41,2152.44,1.22,6.26,199.5
2102.58,2151.91,1.33,6.15,19.5
2079.51,2075.82,1.36,0.83,10.64
2067.38,2008.2,1.28,61.26,1.68
2036.05,1958.32,1.35,26.16,93.24
1956.38,1958.04,1.25,2.78,88.09
1877.17,1953.75,1.4,72.33,85.84
1808.15,1940.52,1.27,1.3,65.11
1744.01,1928.55,1.21,75.18,76.91
1678.64,1895.71,1.46,0.56,53.22
1678.59,1827.66,1.26,75.47,353.95
1686.74,1750.41,1.28,0.12,264.29
1676.17,1720.63,1.26,17.77,105.43
1609.27,1764.17,1.37,35.15,124.38
1590.56,1814.24,1.26,1.72,152.38
1534.27,1772.4,1.37,67.19,45.95
1475.56,1721.3,1.2,36.61,113.02
1410.43,1705.7,1.24,26.51,110.08
1338.81,1736.21,1.46,2.59,132.59
1338.83,1803.15,1.39,100.8,158.5
1309.63,1877.29,1.27,21.12,158.5
1280.08,1952.29,1.3,31.97,158.5
1252.76,2019.9,1.0,98.57,158.5
1227.28,2084.59,1.24,29.04,158.5
1198.21,2158.38,1.38,2.13,158.49
1124.4,2144.12,1.26,23.79,75.13
1046.55,2123.56,1.33,23.22,75.25
969.99,2103.39,1.45,7.56,75.23
892.91,2083.1,1.19,5.3,75.25
816.67,2062.77,1.23,77.44,74.86
741.14,2043.27,1.22,5.71,359.3
737.57,2039.7,1.28,5.12,264.54
795.87,2059.13,1.46,56.43,254.86
873.66,2080.02,1.24,18.92,255.25
951.27,2100.45,1.44,66.14,255.25
1028.76,2120.86,1.23,5.33,255.25
1105.75,2141.16,1.18,5.01,255.11
1181.85,2161.4,1.43,83.76,255.26
1221.4,2103.02,1.19,9.73,338.5
1250.4,2029.4,1.45,88.86,338.5
1279.54,1955.41,1.45,28.87,338.5
1308.79,1881.15,1.39,17.22,338.5
1338.03,1806.92,1.29,97.0,338.5
1340.33,1738.28,1.44,24.38,42.56
1407.52,1707.45,1.34,29.85,290.08
1473.56,1721.69,1.33,34.71,256.02
1535.03,1682.28,1.41,7.69,21.31
1527.12,1668.79,1.43,2.83,246.54
1487.08,1711.46,1.41,3.89,102.66
1423.38,1700.29,1.24,12.5,110.08
1348.68,1727.52,1.4,7.39,109.53
1288.1,1695.94,1.44,60.27,56.1
1219.44,1656.34,1.45,68.36,63.68
1147.46,1621.44,1.24,148.42,63.68
1090.88,1627.34,1.23,5.92,154.0
1093.1,1696.21,1.4,53.52,195.85
1093.25,1703.76,1.4,60.82,15.85
1086.09,1632.68,1.33,5.04,333.43
1142.31,1619.6,1.23,153.86,243.68
1213.1,1654.63,1.25,74.81,243.68
1282.44,1693.26,1.34,4.77,236.34
1345.0,1730.13,1.26,1.64,318.5
1420.27,1702.79,1.42,16.27,290.08
1479.8,1722.37,1.21,7.06,225.85
1550.62,1695.33,1.34,10.22,288.27
1626.21,1667.12,1.46,0.01,289.91
1690.85,1641.39,1.39,5.86,264.62
1732.19,1596.24,1.31,0.74,284.83
1717.69,1540.37,1.46,13.76,342.89
1728.79,1493.84,1.22,36.29,254.98
1712.6,1564.87,1.34,18.45,171.99
1699.49,1640.9,1.19,23.38,84.08
1689.56,1712.16,1.36,68.87,173.95
1681.2,1790.9,1.21,38.64,173.95
1672.76,1870.53,1.36,118.71,173.95
1696.8,1910.89,1.45,24.3,233.22
1772.04,1935.68,1.32,104.2,262.25
1840.94,1951.74,1.29,108.61,265.77
1920.6,1957.17,1.28,28.78,266.84
2000.89,1959.87,1.38,61.31,268.95
2065.7,1972.82,1.25,96.67,181.68
2068.04,2052.55,1.26,16.91,181.68
2089.94,2118.21,1.45,31.44,199.53
2108.37,2141.51,1.23,14.94,101.7
2079.67,2076.65,1.36,1.67,10.64
2067.39,2008.68,1.19,60.78,1.68
2037.73,1958.22,1.25,24.47,93.24
1958.43,1958.09,1.35,0.72,88.95
1879.77,1953.94,1.26,69.72,85.84
1809.14,1942.49,1.23,4.98,352.28
1733.97,1926.22,1.43,64.82,76.95
1673.38,1883.35,1.2,0.36,83.92
1647.61,1868.16,1.19,75.84,46.7
1589.78,1814.14,1.35,1.73,46.42
1532.59,1758.31,1.39,55.86,45.95
1510.33,1710.47,1.24,29.92,291.39
1523.82,1653.01,1.47,3.87,20.6
1503.02,1601.95,1.35,1.38,334.94
1537.2,1554.96,1.42,4.27,289.59
1603.94,1534.26,1.29,17.81,270.46
1684.38,1538.2,1.19,2.89,268.39
1694.86,1463.23,1.31,55.79,354.4
1702.41,1384.88,1.22,12.89,354.93
1738.57,1334.09,1.28,5.58,271.45
1817.38,1339.47,1.34,84.57,264.17
1897.17,1348.46,1.26,164.64,263.47
1948.46,1381.46,1.41,6.53,229.56
2022.78,1400.2,1.44,69.73,265.28
2101.74,1406.72,1.44,149.32,265.28
2149.52,1376.0,1.21,20.56,354.01
2157.9,1297.74,1.21,3.78,263.9
2152.4,1336.37,1.32,60.27,174.01
2127.81,1405.31,1.29,1.86,178.39
2058.52,1401.87,1.43,105.66,85.28
1979.91,1395.37,1.35,26.42,85.28
1930.87,1361.98,0.02,4.56,85.16
1857.25,1342.61,1.22,124.42,83.47
1777.11,1334.07,1.18,44.07,84.17
1697.89,1330.17,1.43,95.17,83.65
1619.82,1321.28,1.18,16.6,83.5
1540.3,1313.39,1.43,149.26,84.76
1461.0,1306.13,1.29,69.63,84.76
1382.72,1297.52,1.29,1.27,83.54
1387.6,1240.22,1.27,35.78,353.55
1394.71,1162.44,1.19,8.12,359.72
1403.01,1083.83,1.46,87.15,353.81
1394.31,1019.62,1.39,17.57,91.07
1355.6,983.65,1.44,40.64,84.64
1276.81,976.26,1.23,119.78,84.64
1199.75,968.97,1.18,11.73,84.46
1119.83,961.22,1.33,92.03,84.46
1040.91,953.57,1.2,171.31,84.46
961.97,942.96,1.32,65.87,81.99
882.82,931.82,1.2,0.91,81.99
848.25,915.15,1.29,5.51,343.2
864.23,930.2,0.0,1.69,255.25
930.32,939.8,1.43,97.65,261.99
1008.21,950.11,1.21,19.08,261.99
1087.79,958.76,1.33,124.15,264.46
1167.45,966.48,1.18,44.12,264.46
1246.21,974.67,1.26,150.39,264.64
1325.48,982.11,1.24,70.78,264.64
1396.86,995.24,1.36,3.93,171.12
1417.19,1021.73,0.0,0.01,262.55
1411.63,1075.54,1.34,52.54,173.81
1402.98,1155.27,1.18,132.83,173.81
1395.67,1234.03,1.36,2.2,173.6
1388.7,1307.54,0.0,2.62,174.72
1448.58,1314.63,1.39,98.22,264.76
1529.26,1322.03,1.32,17.19,264.76
1608.85,1329.69,1.24,105.08,263.49
1686.7,1338.57,1.36,26.73,263.49
1708.94,1352.34,1.21,46.68,317.45
1649.09,1332.99,1.4,64.73,83.49
1568.85,1324.43,1.25,24.91,84.59
1498.59,1309.57,1.44,107.37,84.76
1420.05,1302.37,1.25,28.5,84.76
1384.82,1333.81,1.38,22.51,174.92
1377.08,1414.09,1.19,103.17,173.41
1368.0,1492.72,1.3,182.3,173.41
1357.83,1571.15,1.37,57.0,172.39
1384.16,1633.69,1.21,0.6,164.95
1439.79,1689.26,1.19,80.03,226.42
1380.35,1716.7,1.23,58.54,110.08
1372.84,1759.45,1.38,2.81,227.97
1432.39,1813.13,1.43,82.94,227.97
1488.15,1868.45,1.44,161.5,223.88
1528.74,1922.81,1.26,16.78,225.93
1511.28,1987.96,1.2,18.06,149.46
1472.91,2054.56,0.0,17.62,151.63
